,ID,text,IPA,audio,pauses
0,14fcc5df-c580-4464-b4e7-c41b22d7d347,"Домовые грибы — грибы отдела базидиомицеты, семейств афиллофоровых и кониофоровых грибов, характерным для которых являются разрушение древесины при её повышенной влажности преимущественно в условиях отапливаемых помещений.К домовым грибам относятся около 50 видов из 8 родов.",dɐˈmɔvʲɪɡ ɡrʲɪˈbɨ ɡrʲɪˈbɨ ɐˈpɐrtɐ ˌbɐzʲɪdʲɪˈomʲɪtsɨtɨ ˌsʲɛmʲɪˈjɛstə ˌafʲɪlʲɪˈfɔrəvɨx ɡrʲɪˈbɨv ɡrʲɪˈbɨv ɡrʲɪˈbɨv ɡrʲɪˈbɨv ɡrʲɪˈbɨv ɡrʲɪˈbɨv ɡrʲɪˈbɨv ɡrʲɪˈbɨv ɡrʲɪˈbɨv ɡrʲɪˈbɨv ɡrʲɪˈbɨv ɡrʲɪˈbɨv ɡrʲɪˈbɨv ɡrʲɪˈbɨv ɡrʲɪˈbɨv ɡrʲɪˈbɨv ɡrʲɪˈbɨv ɡrʲɪˈbɨv ɡrʲɪˈbɨv ɡrʲɪˈbɨv ɡrʲɪˈbɨv ɡrʲɪˈbɨv ɡrʲɪˈbɨv ɡrʲɪˈbɨv ɡrʲɪˈbɨv ɡrʲɪˈbɨv ɡrʲɪˈbɨv ɡrʲɪˈbɨv ɡrʲɪˈbɨv ɡrʲɪˈbɨv ɡrʲɪˈbɨv ɡrʲɪˈbɨv ɡrʲɪˈbɨv ɡrʲɪˈbɨv ɡrʲɪˈbɨv ɡr,,
1,0d4c8cd9-d33a-49ee-9a82-3bb49e3b227f,"Домра — русский, украинский и белорусский народный струнный щипковый музыкальный инструмент.Домра имеет корпус полусферической формы.Звук струн производится при помощи медиатора.","dɐmˈrɑ, rʊˈsʲkʲɪj, ukrɐˈjɪnʲskʲɪj, bʲeɫoˈrʊsʲskʲɪj, nɐˈrodnəj, stroōn̄skʲɪj, ʃɨpˈkɔvəj, muzykaˈlʲnəj, ɪnstɾuˈmɛnt. dɐmˈrɑ, ɪˈmɛt, kɔrˈpus, pəlʊsfʲɛˈrɪskʲɪj, fɐˈmə. zvʊk, stroōn̄, prɐˈvʲodʲɪtsja, pʲɪt, mʲɛdʲiˈaːtər.",,
2,3c308e71-741f-43ec-bebd-a90ed698639c,"Оноре Викторен Домье — французский художник-график, живописец и скульптор, крупнейший мастер политической карикатуры XIX века.Домье родился в Марселе в 1808 году в семье стекольщика.С детства увлекался рисованием, освоил мастерство литографа.",[ɔnɔʁe viktoʁɛ̃ dɔmje] [fʁɑ̃tsɥz ʃytiʃkɔ̃ɡʁafik lɛvɔpɥisɛk skylɛpˈtɔʁ kʁypljɛjsɛ mɛstɛʁ pɔlitiʃkə kəʁikətʃyʁə ɛksɛvɛktɛ] [dɔmje rɔdil və marse lɛ 1808 jœʁ vɛ sɛmflɛ stɛkɔlˈʃika] [sɛdɛtʃvɔ uvlɛɡləs rʲisovanʲjɛ oswɔv mɛstɛʁ lʲitɔɡrafə],,
3,7be7d8cc-dc3c-4ca0-8677-9cfb1db8fbb7,"Донателло — итальянский скульптор эпохи Возрождения флорентийской школы.Наряду с Леоном Баттистой Альберти, Филиппо Брунеллески и Мазаччо считается одним из основоположников нового ренессансного искусства, в частности ренессансной монументальной скульптуры и рельефа, а также жанра скульптурного портрета.","dənɐˈtɛlːo ɪtɐˈljanːɪskɪj sˈkulpˌtɔr ɛˈpoːɡɪ vɔzˈrɔːʒdʲɛnʲɪja fɫɔrɛnˈtɪjɪskaja ʃkola. nɐˈrʲatʊ s lʲeˈon bɐtˈtɪjstɐj ɐlˈbɛrtɪ, fʲɪlʲɪpˈpo brʊnɛlˈlɛskɪ i mɐˈzatsːko ɕtʲɪtʲɪtsja ɐˈdən ɪn ɐʊsənəpəˈloːʃnɪkəv nʲuːvə rɛnɛsˈsɑːntska jɪzʊrˈstva, v pərtɪkʊlʲarə rɛnɛsˈsɑːntskaj mɔnʊmɛnˈtəlʲaj sˈkulpˌtʊrə i rʲɛlʲɛfə, a ˈtʃɛlʲu жанра скульптурного портрета.",,
4,e8f1f7ae-adf8-4d6f-9264-cafe9fc8b1e7,"Донжон — главная башня в европейских феодальных замках.В отличие от башен на стенах замка, донжон находится внутри крепостных стен и обычно не связан с ними — это как бы крепость внутри крепости.","dɔ̃ˈʒɔ̃ ɡləvnaɪ̯ bɐˈʃɨn vʲu ɛvʁɔˈpɛj斯kʲɪx fʲɛɔ̃dəˈralʲskʲɪx zɐ̃ˈkɔf. vɐt lʲɪkʲitʲɪ ɔ̃t bɐˈʃɨn nɐ stʲɛnɐ̃x zɐ̃ˈkɔf, dɔ̃ˈʒɔ̃ ɐ̃tˈsɨdɨ ɪ̯n'tsɨ kʁɛpɔ̃stnɨx stɛn ɨbnu ɔ̃bli ɲɛ sɥɛ ɡʁɛ̃ sən — ɛt sə kʁɛpɔ̃st vɛ̃trɛ kʁɛpɔ̃st.",,
5,ffe50065-7191-490c-b9e4-e9358ad3e33f,"Дон Жуан — один из «вечных образов» литературы Нового времени: ненасытный обольститель женщин, родом из Испании.Его имя стало таким же нарицательным обозначением повесы и распутника, как имена Ловеласа и Казановы.","dɔn ˈʐu.an — ɐˈt͡sʲin ɪz ˈvʲɛt͡ɕɪx ɐˈbrɐz ɫʲitrɐˈtʊrɨ ˈnɔvɨx ˈvʲɛmʲɪ: nʲɪnɐˈsɨtɨ ɐˈbɔlʲsʲtʲɪtʲɛlʲ ˈfʲemʲɪn, ˈrɔdɐm ɪz ɪˈspʲænʲi.ɛ. ˈjɛvɐ ˈimʲɛnɐ ˈstɐl ɐˈt͡ɕɛm ˈnɐrʲɪtsɨˈlʲɛtʲɛm ɐˈbrɐzʲɛˈt͡ɕɛnʲɪɛ ˈpɐvʊtɐ ɪ ˈrɐsˌpʊtʲnɪka, ˈkɐk ˈjɪmʲɛnɐ ˈlɔvʲɛlɐsɐ ɪ ˈkɐzɐˈnɔvɐ.",,
6,24cf1d2e-8364-45c2-bcd5-8cab791e683a,"Доменико Гаэтано Мария Доницетти — итальянский оперный композитор, автор 68 опер.Вершины творчества композитора — оперы «Любовный напиток», «Лючия ди Ламмермур», «Фаворитка» и «Дон Паскуале».Родители Гаэтано Доницетти были бедные люди: отец — сторож, мать — ткачиха.",dəˈmɛːnʲiːko ɡaɪˈtɑːnɔ ˈmaːrja ˈdɔnɪtsetti itaˈljanɪskɪj oˈpɛrnɪj kɔmpɔˈzɪtɔr ˈavtɔr ˈsʲiɕ ˈopɛr ˈvɛršɪnɛ tvorˈtʃɛstva kɔmpɔˈzɪtɔr ˈopɛrɛ ˈlʲuːbɔvnyj nɐˈpʲitok ˈlʲutʃja di lɐmːɛrˈmʊr ˈfavɔrɪtka i ˈdɔn pɐˈskualɛ ˈrɔdʲitɛli ɡaɪˈtɑːnɔ ˈdɔnɪtsetti bɨli ˈbʲɛdnye lʲuˈdi ˈotɛts ˈstɔrɡ ˈmʲatʲ ˈtkatʃɪxa,,
7,337a8bdf-fbfc-4d19-bbd0-9a7857f51062,Каргополь — исторический город на левом берегу реки Онеги в Архангельской области Российской Федерации.Административный центр Каргопольского района и Каргопольского городского поселения.,kɐrɡɐˈpɔlʲjɪ ɪstɔˈriːtɕɪskʲɪj ɡorod nɐ lʲjɛvəm bʲɛrɡʲʊ rʲɪkʲɪ ˈonʲɪɡʲɪ v‿aɐkˈhæŋɡʲɪlʲskʲɪj əˈraːzʲɪɪ ˈroɕːɪskəjə fʲɛdərəˈtɕɪjskəjə. ədʲɪnɪˈstrətʲɪvʲɪnə tsɨnˈtər kɐrɡɐˈpɔlʲskəjə rɐjəˈnə ɪ kɐrɡɐˈpɔlʲskəjə ɡorədskəjə pəsʲɛlʲɛnʲɪjə.,,
8,5212028a-7f81-4895-ae52-e71bf362efe5,"Каргопольский уезд — административная единица, занимавшая юго-восточную часть Олонецкой губернии Российской империи.С 1919 по 1929 год входил в Вологодскую губернию.Уездный город Каргополь.",kɐrɡɐpəlʲskʲɪj uʲɪzʲd ədʲmʲɪnʲɪstrətʲɪvənəj jɪdʲnʲɪtsə zənʲɪmɐvʃə jʊɡo vʲɛstətɕnʊj tɕɛpьtʲ ələnʲɪtskəj jʊbʲɪrʲnʲɪj rɐzʲvʲɛjstvənəj ɪmʲpʲɪrɪj s 1919 pɐ 1929 ɡɔd vɐhʲɪdʲlʲɪn ɪn vələɡədskəj jʊbʲɪrʲnʲɪj uʲɪzʲdnyj ɡɔrəd kɐrɡɐpəlʲ.,,
9,524b25fd-0a91-400e-b2e1-13c7a1207057,"Кардинал, возглавляемую деканом.Исторически сложились три ранга кардиналов: кардиналы-дьяконы;
кардиналы-священники;
кардиналы-епископы.История кардиналов восходит к I веку н. э.","kɐrdʲɪnɐl, vɐzɡlʲavʲɪmʊju dʲekanɐm.ɪstɔrʲɪčeski slɐxlʲi tri rɐnɡa kɐrdʲɪnɐlʲɪf: kɐrdʲɪnɐli-dʲækɐnɨ; kɐrdʲɪnɐli-svʲæʃnʲɪnkɨ; kɐrdʲɪnɐli-jɪpʲɪskɨpɨ.ɪstɔrʲɪj kɐrdʲɪnɐlʲɪ vɐzɐsʲtɐ k I vʲeɡu n.ɛ.",,
10,90d881c1-cd0c-4cde-80d6-3f18aab3345f,"Джозуэ Кардуччи.Происходит из древнего флорентийского рода.Отец, врач и страстный поклонник А.Мандзони, сам учил сына латыни, и, по-видимому, обходился с ним очень сурово.","dʐɔzˈuɛ kɐrˈduʧːi. prəɪˈsʲiːdʑɪt ɪz dʲɛˈvʲɛnːi fʲlɔrənˈtʲijskʲiː rɐˈdʲi. ɐˈtʲɛts, vʲaˈtʂ i stʁaˈstʲiːn pɐkˈlɔnɪk ɐ mɐnˈdzɔːnːi, sɐm uˈtɕil ˈsɨn lɐˈtʲiːnʲi, i pɔˈvʲidʲɪmːo ɐbˈxɔdʲɪl sʲɛm ˈvɛrə ˈsʊrəvə.",,
11,cc1685ff-091f-469b-b2b0-76514dfce0ed,"Кариатида — статуя, изображающая задрапированную женскую фигуру в качестве опоры антаблемента, арки или иной конструкции, заменяющая собой колонну, пилястру или пилон.В древнегреческой мифологии Кариатида, заключившего союз против Греции с персами: Согласно древнему обычаю, пленников привязывали к «позорному столбу» в центре городской площади.",kərɪˈætɪdə ˈstætʃuə ˌɪzəˈbɛrɪŋ ˌzædˈræpəˌrɪdʒən ˈdʒɛnˌsjuː ˌfɪɡjə ɪn ˌæz ˌɔːpər ˌæntəˈblɛmənt ˌɑːrki ˌɔɪn ˌʌðər ˌkənstrʌkˈʃən ˌzæmˈbɛnˌdʒɪŋ ˈsəɪmˈsɛlf ˌkəˈlɒn ˌpɪlɪˈæstrə ˌpɪlɒn ˌvən ˌdrevnə ˌɡrɛtskəjə ˌmɪfəˈlɒdʒi ˌkərɪˈætɪdə ˌzəklyuˈʃiv ˌsəjuz ˌkəntrə ˌɡrɛsii ˌsə pɛrsi ˌsəʊɡləsˌnə ˌdrevnə ˌɒbɪˈtʃu ˌplɛnˈzɪv ˌprɪvɪˈzɪdʒəv ˌkə ˌpəzɔːr ˌstɒlbu ˌvən ˌtsɛntə ˌɡɔːdə ˌplɒsəd ˌtʃi ˌtʃi ˌtʃi ˌtʃi ˌtʃi ˌtʃi ˌtʃi ˌtʃi ˌtʃi ˌtʃi ˌtʃi ,,
12,c0e21cf7-07db-4254-a41c-e39fac13ac99,"Карильон, карийон.Родиной карильона считается Фландрия, а центром карильонного искусства — город Малин.До начала XX века область их распространения ограничивалась Западной Европой.","kɐˈrʲilʲɵn, kɐˈrʲiɪ̯on. ˈrodʲɪnəj kɐˈrʲilʲɵnə sʲtʲɪˈt͡sʲɪtsə fɫɐnˈdrʲɪjə, a t͡sʲentˈrəm kɐˈrʲilʲɵnˈnəɡə ˈiskʊrˈstvə mɐˈlʲin. ˈdo ˈnʲačала ˈsʲɪzʲɪtʲ ˈoblastʲ ɪx rəspʁaˈznʲɪjanja ˌoˈgranʲɪčɪvalася zɐˈpɐsʲdʲɪjə ˈjɛvropa.",,
13,cae3dfc7-295c-4ff2-81dd-8c34a3253233,"Каркасон — французская коммуна, расположенная в департаменте Од на территории региона Окситания.Город Каркассон является префектурой департамента.Каркассон делится на старый и новый город.","kɐʁkasoN fʁɑ̃sɥɛz kɔmynɑ, lɔtʁoNεdʁεN vɛ dεpaʁtəmɑ̃t ɔd na tɛʁətɔːʁi oksitɑ̃ɲi.ɡɔʁdi kɐʁkasoN jɛ sɛʁ pʁɛfɛktuʁ dεpaʁtəmɑ̃t.kɐʁkasoN dεliʒεN na stɑʁu i nɔvu ɡɔʁdi.",,
14,7d58a4a8-8b04-4cd6-a27a-c1c21ae91114,"Карл I 1649 года в Лондоне.Карл I был вторым сыном короля Шотландии Якова VI и Анны Датской.Он родился 19 ноября 1600 года в Данфермлайнском дворце в Файфе, Шотландия.",kɐrl ˈaɪ ˌdʒɒb ˈdʒɪn ə ˈlɒndən. kɐrl ˈaɪ bʊl dəˈʊtəm ˈsɔn ˈkɔrəl ʃɒtˈlændi ˈdʒækəʊ ˌfaɪ sənd ˈænə ˈdætʃ. ˈɒn ˈrɒd bɪrθ ˈnɒvəmˈbər ˌdʒɒb ˈdʒɪn ə ˈdænfəmˌlæɪn ˈdɔːtsoʊ ɪn ˈfeɪf ˈʃɒtˈlændi.,,
15,517356cb-8c3c-459d-b063-73ee362315fa,"Карл IV Люксембургский, император Священной Римской империи с 5 апреля 1355 года.Сын короля Чехии Иоанна Слепого из Люксембургской династии и чешской принцессы Элишки Пржемысловны, родился в 1316 году в Праге, при рождении получил имя Вацлав, или Венцель, но воспитывался в Париже и во время конфирмации взял имя своего дяди и покровителя короля Карла.","kɐrl ˈkʋart lʏksɛmbʊʁɡskɪj, ɪmˈpɛʁʲaːtɔr svaɪ̯tʃɛnɐ ˈʁiːmskɐj ɪmˈpɛʁiɪ s ˈpɔt͡sɛmˈbrjʊ ˈtʂɛtʂn̩ˈt͡sɛf.ˈsɨn kɔˈrɔlʲ ˈtʂɛxii ɪˈoɑn sˈlɛpɔj ɪz lʏksɛmbʊʁɡskɐj dʲiˈnaːstii ɪ t͡ʃɛʃskɐj pʲɪntsɛs ɛliˈʃkɐ pʲrʲɛmɨˈslɔvnɐ, rɐˈdʑɔl v ˈtʂɛtʂn̩ˈt͡sɛf v pɾaːɡɛ, pʲɪr ˈrɐdʑɛnʲɪja pɐtʲɪˈt͡sɛl vɐtslɐf, ɪlʲɪ vɛntsɛl, nɔ vɔsˈpʲitɨl vɔ pɐˈriːzɛ ɪ vɔt͡sɛ kɔnfʲɪrˈmaːtsiɪjɛ ˈt͡sɛl ɪmɛjɔ ˈsvɔjɛ dʲadʲa ɪ pɔkˈrɔjɛtɛlʲa kɔˈrɔlʲa.",,
16,3c32ef1e-fcb1-48bf-b982-f96bb47dbfa6,"1654 год по григорианскому календарю — невисокосный год, начинающийся в четверг.Это 1654 год нашей эры, 4 год 6-го десятилетия XVII века 2-го тысячелетия, 5 год 1650-х годов.Он закончился 370 лет назад.",ɡɔd pə ɡrʲɪɡɔrʲɪˈanskəm kəlʲɪnˈdʲarə ˈnʲivʲɪskəs nɐˈtʃɪnʲɪstɪrʲɪˈjasʲɪ ɪn ˈtjɛtrɡ. ˈɛtɔ ɡɔd nɐʃɪrʲɪ ɛrə ˈtjɛtrʲɪ ɡɔd ˈsʲɛstʲɪ ˈdʲɛsʲɪtʲɪlʲɪtʲɪ ɡɔdə ˈsʲɛstʲɪ ˈtʲuˈtʲiˈlʲiɛstʲɪrʲɪ ˈpʲitʲɪ ɡɔd ˈsʲɛstʲɪ ˈtʲuˈtʲiˈlʲiɛstʲɪrʲɪ ˈpʲitʲɪ ɡɔd ˈpʲitʲɪ ɡɔд ˈpʲitʲɪ ɡɔд ˈpʲitʲɪ ɡɔд ˈpʲitʲɪ ɡɔд ˈpʲitʲɪ ɡɔд ˈpʲitʲɪ ɡɔд ˈpʲitʲɪ ɡɔд ˈpʲitʲɪ ɡɔд ˈpʲitʲɪ ɡɔд ˈpʲitʲɪ ɡɔд ˈpʲitʲɪ ɡɔд ˈpʲitʲɪ ɡɔд ˈpʲitʲɪ ɡɔд ˈpʲitʲɪ ɡɔд ˈpʲitʲɪ ɡɔд ˈpʲitʲɪ ɡɔд ˈpʲitʲɪ ɡɔд ,,
17,cb538d94-39e2-4fba-8550-84cfe0877610,"1765 год по григорианскому календарю — невисокосный год, начинающийся во вторник.Это 1765 год нашей эры, 5 год 7-го десятилетия XVIII века 2-го тысячелетия, 6 год 1760-х годов.Он закончился 259 лет назад.",ɡrʲɪɡɔrʲɪjɪskəjə kɐlʲɪnˈdʲarʲʊ ɡɔd ɡrʲɪɡɔrʲɪjɪskəjə kɐlʲɪnˈdʲarʲʊ ɡɔd ɡrʲɪɡɔrʲɪjɪskəjə kɐlʲɪnˈdʲarʲʊ ɡɔd ɡrʲɪɡɔrʲɪjɪskəjə kɐlʲɪnˈdʲarʲʊ ɡɔd ɡrʲɪɡɔrʲɪjɪskəjə kɐlʲɪnˈdʲarʲʊ ɡɔd ɡrʲɪɡɔrʲɪjɪskəjə kɐlʲɪnˈdʲarʲʊ ɡɔd ɡrʲɪɡɔrʲɪjɪskəjə kɐlʲɪnˈdʲarʲʊ ɡɔd ɡrʲɪɡɔrʲɪjɪskəjə kɐlʲɪnˈdʲarʲʊ ɡɔd ɡrʲɪɡɔrʲɪjɪskəjə kɐlʲɪnˈdʲarʲʊ ɡɔd ɡrʲɪɡɔrʲɪjɪskəjə kɐlʲɪnˈdʲarʲʊ ɡɔd ɡrʲɪɡɔrʲɪjɪskəjə kɐlʲɪnˈdʲarʲʊ ɡɔd ɡrʲɪɡɔrʲɪjɪskəjə kɐlʲɪnˈdʲarʲʊ ɡɔd ɡrʲɪɡɔrʲɪjɪskə,,
18,f217332e-7b71-41e8-b315-bcf310cc27f6,"1780 год по григорианскому календарю — високосный год, начинающийся в субботу.Это 1780 год нашей эры, 10 год 8-го десятилетия XVIII века 2-го тысячелетия, 1 год 1780-х годов.Он закончился 244 года назад.",ɡʲɪˈdʲe ɡʲɪ ɡʲɪɡʲɪˈɡʲorʲɪjɪn skɪj ɡɐˈlʲɛndʲɪrʲɪj ɡʲɪ ˈvʲɪskɔskɪj ɡɔd ɡʲɪˈnɐtɕɪjɪsʲtɪsʲtɪs ɡʲɪ ˈsʊbʊtʊ ɡʲɪ ɡʲɪˈdʲe ɡʲɪ ɡʲɪɡʲɪˈɡʲorʲɪjɪn skɪj ɡɐˈlʲɛndʲɪrʲɪj ɡʲɪ ˈvʲɪskɔskɪj ɡɔd ɡʲɪˈnɐtɕɪjɪsʲtɪsʲtɪs ɡʲɪ ˈsʊbʊtʊ ɡʲɪ ɡʲɪˈdʲe ɡʲɪ ɡʲɪɡʲɪˈɡʲorʲɪjɪn skɪj ɡɐˈlʲɛndʲɪrʲɪj ɡʲɪ ˈvʲɪskɔskɪj ɡɔд ɡʲɪˈnɐtɕɪjɪсʲтɪс ɡʲɪ ˈsʊbʊтʊ ɡʲɪ ɡʲɪˈdʲe ɡʲɪ ɡʲɪɡʲɪˈɡʲorʲɪjɪn skɪj ɡɐˈlʲɛndʲɪrʲɪj ɡʲɪ ˈvʲɪskɔskɪj ɡɔд ɡʲɪˈnɐtɕɪjɪсʲтɪс ɡʲɪ ˈsʊbʊтʊ ɡʲɪ ɡʲɪˈd,,
19,83ba5bb4-b9a6-47d5-b170-cd7a93fdbb98,"1796 год по григорианскому календарю — високосный год, начинающийся в пятницу.Это 1796 год нашей эры, 6 год 10-го десятилетия XVIII века 2-го тысячелетия, 7 год 1790-х годов.Он закончился 228 лет назад.",ɡʲɪˈdʲe ɡʲɪ ɡʲrʲɪɡʲɵrʲɪˈjanskʊmʊ kɐlʲɪnˈdʲarʊ ˈvʲisəkɔsnyj ɡɔd nʲɪkɐˈnʲiːnʲɪj vʲɪˈtʲɪ. ˈɛtɔ ɡʲɪˈdʲe nɐˈʃɛrjʊ ɛːrɐ ɡʲɪ ɡʲɪˈdʲe ɡʲɪ ɡʲɪˈdʲe ɡʲɪ ɡʲɪˈdʲe ɡʲɪ ɡʲɪˈdʲe ɡʲɪ ɡʲɪˈdʲe ɡʲɪ ɡʲɪˈdʲe ɡʲɪ ɡʲɪˈdʲe ɡʲɪ ɡʲɪˈdʲe ɡʲɪ ɡʲɪˈdʲe ɡʲɪ ɡʲɪˈdʲe ɡʲɪ ɡʲɪˈdʲe ɡʲɪ ɡʲɪˈdʲe ɡʲɪ ɡʲɪˈdʲe ɡʲɪ ɡʲɪˈdʲe ɡʲɪ ɡʲɪˈdʲe ɡʲɪ ɡʲɪˈdʲe ɡʲɪ ɡʲɪˈdʲe ɡʲɪ ɡʲɪˈdʲe ɡʲɪ ɡʲɪˈdʲe ɡʲɪ ɡʲɪˈdʲe ɡʲɪ ɡʲɪˈdʲe ɡʲɪ ɡʲɪˈdʲe ɡʲɪ ɡʲɪˈdʲe ɡʲɪ ɡʲɪˈdʲe ɡʲɪ ɡ,,
20,0a8571d8-d3e1-47ac-8b61-66398ec4f05a,"1835 год по григорианскому календарю — невисокосный год, начинающийся в четверг.Это 1835 год нашей эры, 5 год 4-го десятилетия XIX века 2-го тысячелетия, 6 год 1830-х годов.Он закончился 189 лет назад.",ˌpɔː ɡɪˈrɡɔrɪjənˌskoɪ kəlʲɪnˈdɛrɪj ˈnʲɛvʲɪskəʊsˌnɨj ɡojt ˌnʲaˈbʲiːnəjʊˈsʲtʲɛrjɪnɡ ɡojt ˌnɔːʃɪr ˈɛrə ˌsʲɪtɕ ˈɡojt ˌdʲeˈsʲɛtʲɪj ˌɡrʲɪɡ ˌɡrʲɪɡ ˌɡrʲɪɡ ˌɡrʲɪɡ ˌɡrʲɪɡ ˌɡrʲɪɡ ˌɡrʲɪɡ ˌɡrʲɪɡ ˌɡrʲɪɡ ˌɡrʲɪɡ ˌɡrʲɪɡ ˌɡrʲɪɡ ˌɡrʲɪɡ ˌɡrʲɪɡ ˌɡrʲɪɡ ˌɡrʲɪɡ ˌɡrʲɪɡ ˌɡrʲɪɡ ˌɡrʲɪɡ ˌɡrʲɪɡ ˌɡrʲɪɡ ˌɡrʲɪɡ ˌɡrʲɪɡ ˌɡrʲɪɡ ˌɡrʲɪɡ ˌɡrʲɪɡ ˌɡrʲɪɡ ˌɡrʲɪɡ ˌɡrʲɪɡ ˌɡrʲɪɡ ˌɡrʲɪɡ ˌɡrʲɪɡ ˌɡrʲɪɡ ˌɡrʲɪɡ ˌɡrʲɪɡ ˌɡrʲɪɡ ˌɡrʲɪɡ ˌɡrʲɪɡ ˌɡrʲɪɡ ˌɡrʲ,,
21,5d41cbbf-d6b9-4b92-aae2-ead08c171a3d,Харьковская область — административно-территориальная единица на северо-востоке Украины.Образована 27 февраля 1932 года.,xarʲkɔfskaja oblastʲ — administrativno-teritorialʲnaja edinиtsa na sʲɛvʲerо-vостоɡe ukrajіni. Obrazovana 27 fevralʲa 1932 goda.,,
22,4a82322b-a792-40c7-a21d-b7f0c68f1e1a,"27 февраля — 58-й день года по григорианскому календарю.До конца года остаётся 307 дней.До 15 октября 1582 года — 27 февраля по юлианскому календарю, с 15 октября 1582 года — 27 февраля по григорианскому календарю.",dʲɪ vʲɪ dʲɪ vʲɪ dʲɪ vʲɪ dʲɪ vʲɪ dʲɪ vʲɪ dʲɪ vʲɪ dʲɪ vʲɪ dʲɪ vʲɪ dʲɪ vʲɪ dʲɪ vʲɪ dʲɪ vʲɪ dʲɪ vʲɪ dʲɪ vʲɪ dʲɪ vʲɪ dʲɪ vʲɪ dʲɪ vʲɪ dʲɪ vʲɪ dʲɪ vʲɪ dʲɪ vʲɪ dʲɪ vʲɪ dʲɪ vʲɪ dʲɪ vʲɪ dʲɪ vʲɪ dʲɪ vʲɪ dʲɪ vʲɪ dʲɪ vʲɪ dʲɪ vʲɪ dʲɪ vʲɪ dʲɪ vʲɪ dʲɪ vʲɪ dʲɪ vʲɪ dʲɪ vʲɪ dʲɪ vʲɪ dʲɪ vʲɪ dʲɪ vʲɪ dʲɪ vʲɪ dʲɪ vʲɪ dʲɪ vʲɪ dʲɪ vʲɪ dʲɪ vʲɪ dʲɪ vʲɪ dʲɪ vʲɪ dʲɪ vʲɪ dʲɪ vʲɪ dʲɪ vʲɪ dʲɪ vʲɪ dʲɪ vʲɪ dʲɪ vʲɪ dʲɪ vʲɪ dʲɪ vʲɪ dʲɪ vʲɪ dʲɪ vʲɪ dʲɪ vʲɪ dʲɪ vʲɪ dʲɪ vʲɪ dʲɪ vʲɪ dʲɪ vʲɪ dʲɪ vʲɪ dʲɪ vʲɪ dʲɪ vʲɪ dʲɪ vʲɪ dʲɪ vʲɪ dʲɪ vʲɪ dʲɪ vʲɪ dʲɪ vʲɪ dʲɪ vʲɪ d,,
23,6950c4e8-895f-4dcd-ab4e-05fd30fb7d80,"1932 год по григорианскому календарю — високосный год, начинающийся в пятницу.Это 1932 год нашей эры, 2 год 4-го десятилетия XX века 2-го тысячелетия, 3 год 1930-х годов.Он закончился 92 года назад.",ˌdʲɪsʲɪˈtʲiɪ̯ɛɪ̯ ˌdʲɛsʲɪˈtʲiɪ̯ ˌsʲɛɡʲo̅ ˌdʲɛsʲɪˈtʲiɪ̯ ˌsʲɛɡʲo̅ ˌdʲɛsʲɪˈtʲiɪ̯ ˌsʲɛɡʲo̅ ˌdʲɛsʲɪˈtʲiɪ̯ ˌsʲɛɡʲo̅ ˌdʲɛsʲɪˈtʲiɪ̯ ˌsʲɛɡʲo̅ ˌdʲɛsʲɪˈtʲiɪ̯ ˌsʲɛɡʲo̅ ˌdʲɛsʲɪˈtʲiɪ̯ ˌsʲɛɡʲo̅ ˌdʲɛsʲɪˈtʲiɪ̯ ˌsʲɛɡʲo̅ ˌdʲɛsʲɪˈtʲiɪ̯ ˌsʲɛɡʲo̅ ˌdʲɛsʲɪˈtʲiɪ̯ ˌsʲɛɡʲo̅ ˌdʲɛsʲɪˈtʲiɪ̯ ˌsʲɛɡʲo̅ ˌdʲɛsʲɪˈtʲiɪ̯ ˌsʲɛɡʲo̅ ˌdʲɛsʲɪˈtʲiɪ̯ ˌsʲɛɡʲo̅ ˌdʲɛsʲɪˈtʲiɪ̯ ˌsʲɛɡʲo̅ ˌdʲɛsʲɪˈtʲiɪ̯ ˌsʲɛɡʲo̅ ˌdʲ,,
24,b693bf7c-42d4-4ab2-8faf-ce24265700eb,"17 июля — 198-й день года по григорианскому календарю.До конца года остаётся 167 дней.До 15 октября 1582 года — 17 июля по юлианскому календарю, с 15 октября 1582 года — 17 июля по григорианскому календарю.",dʲɪ vʲuˈzʲulʲa dʲɪ vʲuˈzʲulʲa dʲɪ vʲuˈzʲulʲa dʲɪ vʲuˈzʲulʲa dʲɪ vʲuˈzʲulʲa dʲɪ vʲuˈzʲulʲa dʲɪ vʲuˈzʲulʲa dʲɪ vʲuˈzʲulʲa dʲɪ vʲuˈzʲulʲa dʲɪ vʲuˈzʲulʲa dʲɪ vʲuˈzʲulʲa dʲɪ vʲuˈzʲulʲa dʲɪ vʲuˈzʲulʲa dʲɪ vʲuˈzʲulʲa dʲɪ vʲuˈzʲulʲa dʲɪ vʲuˈzʲulʲa dʲɪ vʲuˈzʲulʲa dʲɪ vʲuˈzʲulʲa dʲɪ vʲuˈzʲulʲa dʲɪ vʲuˈzʲulʲa dʲɪ vʲuˈzʲulʲa dʲɪ vʲuˈzʲulʲa dʲɪ vʲuˈzʲulʲa dʲɪ vʲuˈzʲulʲa dʲɪ vʲuˈzʲulʲa dʲɪ vʲuˈzʲulʲa dʲɪ vʲuˈzʲulʲa dʲɪ vʲuˈzʲulʲa dʲɪ vʲuˈzʲulʲa dʲɪ vʲuˈzʲulʲa dʲɪ vʲuˈzʲulʲa dʲɪ vʲuˈzʲulʲa dʲɪ vʲuˈzʲulʲa d,,
25,924ae6b3-58b2-4b41-80ef-552b159a7f7c,"Фридрих Карл Крупп — немецкий предприниматель, промышленник, член династии Крупп, основатель фирмы Friedrich Krupp AG Hoesch-Krupp.Фридрих Крупп родился в семье буржуа в Эссене.Главой семьи была бабушка, Элене Амалия Крупп, урождённая Ашерфельд.","ˈfʁiːdʁɪç ˈkaʁl ˈkʁʊpf — nɛmˈd͡zɛʃkɪ prɛndʁɪnˈtɛːlər, prɔmɪʃˈlɛnɪk, ˈklɛm dɪnaˈstɪdɛ ˈkʁʊpf, ˈoʊsnaɪtə fɪrma ˈfʁiːdʁɪç ˈkʁʊpf ʔAːG ˈhøːʃkʁʊpf. ˈfʁiːdʁɪç ˈkʁʊpf rɔˈdɪtsə vɛ sɛˈmɛlɪ bʊʁˈʒua vɛ ˈɛsən. ˈɡlɔɪp̃ ˈzɛːmlɪ bəˈbuːʃka, ɛˈlɛnə ˈaːmaliə ˈkʁʊpf, uˈroʒdɛnə ˈaːʃɐfɛlt.",,
26,464c8401-3c8d-40ef-a36c-0076f0bedc5c,"Шмуэль Йосеф — израильский писатель, романист, поэт, лауреат Нобелевской премии по литературе 1966 года «За глубоко оригинальное искусство повествования, навеянное еврейскими народными мотивами».Стал первым лауреатом одной из Нобелевских премий, представлявшим Израиль.",[ˈʃmuɛl ˈjosef] [izraɪˈiːlɪskɪj pʲɪˈsʲaːtʲɛlʲ] [roˈmaːnʲɪst] [pʲoˈɛt] [laʊˈrɛjat nɔbɛlʲɛvskʲɪj prʲɛˈmʲiʲ] [pɔ litʲɛˈraturɛ] [1966] [ˈza] [ˈɡlubko ɔrʲiɡʲɪnʲaːlʲno] [artst vəˈstɛrɛ] [navʲɛjdaːnɔ] [jɛvʲrɛjskʲɪj nɔrɔdʲnɔj mɔtʲɪvɔj] [stal] [pʲɛrʲvɔj] [laʊˈrɛjat] [jɛnʲa] [nɔbɛlʲɛvskʲɪj prʲɛˈmʲiʲ] [pʲrʲɛstɔˈrʲɛ] [izraɪˈiːlʲ],,
27,334c0f26-0ec3-4b16-a3ee-1a5aa8d586d2,"Эрл Стэнли Гарднер.Родился писатель в городе Молден, штат Массачусетс, окончил школу Palo Alto High School в 1909 и поступил в Valparaiso University School of Law в шт.Индиана; сдал экзамен государственной комиссии на звание адвоката в 1911.","ˈɜːrl ˈstænli ˈɡɑːdˌnər. ˈrəʊdɪldz ˈpɪsətʃər ɪn ˈɡɔːdʒ ˈmɒldn, ˈʃæt ˌmæsəˈtʃʊsɪts, ˌɒkˈɒnʧɪld ˈskuːl pæləʊ ˈæltoʊ ˈhaɪ ˈskuːl ɪn ˈnɪnˈtɪnˈnaɪn ˈnaɪn, ən ˈpəʊstəpəʊld ˈvælpəˈreɪzoʊ ˌjuːnɪˈvɜːrsɪti ˈskuːl əv ˈlɔː ɪn ˈʃæt. ˌɪndiˈænə; sˈdæl ˈɛksəmɛn ˌɡɒvəˈnəməntl̩ ˈkɒmɪʃn ˌɒn ˈzvɔːntʃ əv ˈædˌvɒkət ɪn ˈnɪnˈtɪnˈnaɪn ˈnaɪn.",,
28,b1c70e2c-9fef-4617-8af4-e9027aa43e10,"Борис Андреевич Лавренёв.Родился 4, затем, в 1909—1911 годах, на юридическом факультете Московского университета.Писал стихи, публиковался с 1911 года, примыкал к московской футуристической группе «Мезонин поэзии».","bɔˈrʲis ɐnˈdrʲejɪvʲɪtɕ lɐˈvʲrʲenʲɵf. rɐˈdʲilʲɪs ˈfʲɵtʲɛm, t͡sɛnˈtʂu, vʲɪm ˈpʲit͡sʲɪl ˈstʲixʲɪ, pʊbliˈkovaлся s ˈpʲit͡sʲɪl ˈgʲɪrupsʲɪ «mʲeˈzonʲɪn pʲoˈezʲɪjɪ».",,
29,174670fa-e426-4cde-a9ba-cf2e30b8d977,"Жорж Леметр — бельгийский священник, астрофизик, космолог и математик, автор теории Большого взрыва.Один из наиболее влиятельных астрофизиков XX века.Родился в Шарлеруа.","d͡ʑorʒ ləmɛtr — belɡijjɪs̩ svaɕenɪk, astrophɪzɪk, kɒzmaлог и matematɪk, avtor teorɪji bolʃogo vzravbə. Odin iz naːjmnɛ vlyjatɛlʲnɪj astrophɪzɪk s jɪzɛt sɛkʲulə. Rodɪlsja v ʃarleruə.",,
30,9edbba1d-71f5-4ea5-b7f9-749d94960e10,"Джеймс Фрэнсис Кэгни-младший.Принадлежал к числу наиболее востребованных актёров первых лет звукового кинематографа и «Золотого века Голливуда».Кэгни дебютировал на сцене театра в 1919 году, появившись в ревю Every Sailor.","d͡ʑeɪmz frænsɪs kɛɡni mладший. prɪnɔdлежал k tʃɪslu naјs t͡ɕаɪ mаst bəkəst rəbəndзɛ mактёров pɛрвых лɛт zvʊkəvəgə kʲinʲəmətografə i zолотого века ɡолливуда. kɛɡni dʲɛbʲuɪrəʊvəl na sʲɛnə tʲɛатра v 1919 godu, pəjавлившɪj v rɛvju ɛvri sɛjлər.",,
31,42ffcc3b-dd8f-4192-8546-6c71bb6060c3,"Бруно Ясенский — польский и советский писатель, поэт, драматург.Писал на русском, польском и французском языках.Член ЦИК Таджикской ССР.",brʊno jæsɛnskɪ pɔljɪskɪj sɔvʲɪetskɪj pɪsɐtʲelʲ pɵɛt drɐmɐtʊ르ɡ pɪsɐł nɐ rʊskʲɪm pɔljɪskʲɪm fʀɐntsuzkʲɪm jɪzɨkʲɪm tʃlʲɛn t͡sʲik tɐdʒɪkskʲɪj sɛsɛr.,,
32,c4fd7ebe-49bb-4251-a735-9de3ccb41709,Алексeй Львoвич Рыбников.Родился 17 июля 1945 года в Москве в творческой семье с трагической родословной.Мужчины-предки по линии матери — из офицеров царской армии.,ɐlʲɪkˈsʲej lʲɪˈvot͡sɪx rɨbˈknʲikəf. rɐˈdʲilʲɪs ˈpʲit͡sʲe ˈdʲulʲa ˈdʲulʲa ˈdʲulʲa ˈdʲulʲa ˈdʲulʲa ˈdʲulʲa ˈdʲulʲa ˈdʲulʲa ˈdʲulʲa ˈdʲulʲa ˈdʲulʲa ˈdʲulʲa ˈdʲulʲa ˈdʲulʲa ˈdʲulʲa ˈdʲulʲa ˈdʲulʲa ˈdʲulʲa ˈdʲulʲa ˈdʲulʲa ˈdʲulʲa ˈdʲulʲa ˈdʲulʲa ˈdʲulʲa ˈdʲulʲa ˈdʲulʲa ˈdʲulʲa ˈdʲulʲa ˈdʲulʲa ˈdʲulʲa ˈdʲulʲa ˈdʲulʲa ˈdʲulʲa ˈdʲulʲa ˈdʲulʲa ˈdʲulʲa ˈdʲulʲa ˈdʲulʲa ˈdʲulʲa ˈdʲulʲa ˈdʲulʲa ˈdʲulʲa ˈdʲulʲa ˈdʲulʲa ˈdʲulʲa ˈdʲulʲa ˈdʲulʲa ˈdʲulʲa ˈdʲulʲa ˈdʲul,,
33,b907f6ce-ee59-414f-80fd-1816cb0d4487,"Гарри Джозеф «Тако» Боумен — американский аутлав-байкер и гангстер, с 1970 года глава детройтского отделения интернационального мотоклуба «Outlaws MC», а в 1984—1999 годах всего клуба.С 1984 по 1999 год занимал пост международного президента Outlaws MC.","ɡæri dʒəzəf tæko bɔʊmən — əmɛrɪkən aʊtlɔːv bɛɪkər ənd ɡæŋɡstər, s 1970 jɪəz hɛd dɛtrɔɪt səb dɪsənʃən ɪntərˈnæʃənəl məʊtəkʌb ˈaʊtlɔːz mɛs, ə v 1984—1999 jɪəz əv ɔːl ðə klʌb. s 1984 pəʊ 1999 jɪər zænɪmɔːd pɒst mɪntərˈnæʃənəl prɪzɪdənt ˈaʊtlɔːz mɛs.",,
34,1cd380f7-089f-4b60-9026-e3f0f009878f,"Валерий Иванович Воронин — советский футболист, полузащитник.Мастер спорта СССР.Один из лучших футболистов своего поколения.",vɐlʲɪˈrʲiɪ ɪˈvɑnəvʲɪtɕ vərəˈnʲin səˈvʲɛtˌskʲɪj fʊˈtболʲɪst pəlʊfəˈzɛjkən mɐˈstər spɔrˈta səpsər bəlʲɪʃ fʊˈtболʲɪst ɐˈvʲiːn pəkəˈlʲɛnʲɪja,,
35,945ae6c8-76a3-4a42-8193-d47adcf1ef38,"Кшиштоф Пюс Занусси, обладатель множества международных и национальных наград.Родился 17 июня 1939 года в Варшаве.По его мнению, имеет итальянские корни.","kʂɨʂˈtɔf pʲɵs zanuˈssi, oblaˈdətəlʲ mʲɪnˈdʒɛzvɛtnɨx i naˈtsʲɪjɔnɐlʲjix nɐɡˈrɔd. rɔˈdʲilʲsja ˈjʊnʲi 1939 ɡoˈda v varˈʂaːf. pɔ ˈmu ˈmnɛnʲu, iˈma iˈtальjanskʲe kɔrˈni.",,
36,c9b3a0d6-7118-4e2e-a8d6-c5602c32e16e,"Роман Иосифович Шухевич.Причастен к массовым убийствам поляков и евреев в ходе деятельности УПА на западе Украины.Принимал участие в создании «Карпатской Сечи», занимал должность начальника штаба.","rɐˈman iˈosʲɪfəvʲɪtɕ ʂʊˈxɛvʲɪtɕ. prʲɪˈt͡sʲɪrʲɪstɛn kə mɐˈsʲɪvным убийствам полiаков и ювреям в ходi дiятельности упa на западi укранi. прiнимав участь в створеннi «карпатської сiчi», зiмав посаду начальника штабу.",,
37,c2cf8eb8-4fa4-4656-9c1c-a834cf61c549,"Дмитрий Константинович Беляев, с 1959 по 1985 год — директор Института цитологии и генетики Сибирского отделения АН СССР.Беляев наиболее известен своим экспериментом по выведению одомашненных лис.","mʲɪtrʲɪj kənstantʲɪnəvʲɪtɕ bʲɪlʲjæj, s 1959 po 1985 god — dʲɪrektər ɪnstʲɪtutə sʲɪtsʲɪlʲjəgʲɪ rʲɪ genʲɪtɪkʲɪ sʲɪbʲɪrskəvə oddʲelənʲɪja an sːsːsːr. bʲɪlʲjæj nəjzvətʲɪnʲɪj səvəj eksperʲɪment po vʲɪdʲɪvʲɪju odoːmʃənənnych lʲɪs.",,
38,df521ae1-4210-4f5c-bdcf-194ce2f0c3d1,"Дональд Сазерленд, компаньон ордена Канады.Отец актёра Кифера Сазерленда.Входил в группу, выносившую олимпийский флаг на открытии XXI зимних Олимпийских игр в Ванкувере 12 февраля 2010 года.",kəˈfaɪər səˈzərˌlənd,,
39,81b98a87-b29e-428d-aa91-08bae3ce7a64,"Камилла, королева Великобритании — член Британской королевской семьи, вторая жена короля Великобритании Карла III.Коронована 6 мая 2023 года вместе с мужем.Камилла выросла в Восточном Суссексе и Южном Кенсингтоне в Англии, образование также получала в Швейцарии и Франции.","kə.mʲɪl.lə, kɔːrəˈlɛvə ˈvɛlɪkəʊˌbɹɪː.tən.ɪəz — tʃɛlən bɹɪˈtænɪkə kɔːrəˈlɛvə sɛjm.ɪ.ˈvɛlɪkəʊˌbɹɪː.tən.ɪəz kɑːrəl ˈθɜː.ɹɪ. kɔːˈrɔːnəʊ.vən ˈsɛks tə ˈmaɪ 2023 jɪə təˈɡɛθə mʌdʒ. kə.mʲɪl.lə vɪˈrɔːst ɪn ˈvɛstək səsɛks ɪnd dʒuːθn kɛnsɪŋkən ɪn ˈæŋɡlɪəd, ɔːˈbɛdʒɪn ˈɛlsoʊ ˈpɹɒtɛktɪd ɪn ˈʃveɪt.sərɪ ɪnd ˈfɹæn.sɪ.",,
40,3da11157-7e1d-4874-b6c4-d4f3aaa41788,"Теренс Майкл Джозеф Батлер — британский рок-музыкант, бас-гитарист и автор текстов хэви-метал-группы Black Sabbath; также участник группы Heaven & Hell и сольной команды Оззи Осборна, лидер сольного проекта GZR.Занял 21-е место в списке 50 величайших басистов всех времён по версии редакции Rolling Stone.",tɛˈrɛns maɪkl dʒoˈzɛf bætələr bɹɪˈtænɪk rɒk mjuːˈzɪkænt bæs gɪˈtɑːrɪst ɔːˈtɔːr tɛkst hɛvɪ mɛtəl ɡɹuːp bæk sæθ ˈɔːlsəʊ jʊˈzɪʃən ɡɹuːp hɛvən ænd hɛl sɔːl kəmˈpænd ɔːzɪ ɔːzˈbɔːrn lɛdə sɔːl pɹɒdʒɛkt ɡɛzə ˈzænɪd ˈtwɛnti wʌn ˈpɫæs lɪst ˈfɪfti ˈɡreɪtɪst bæsɪst ˈɔːl təɪmz pɔːˈvɛərs rɛˈdækʃən rɒlɪŋ stɔːn,,
41,0d09df17-7e19-46f1-8218-d0278ec664d0,"Михаил Дмитриевич Сирота — украинский политик, депутат Верховной Рады, лидер Трудовой партии Украины, один из авторов текста действующей украинской Конституции.Погиб в автокатастрофе 25 августа 2008 года.",mʲɪxɐˈil dʲɪmˈtrʲiевич sʲɪˈrota ʊkrajˈnɪsʲkɪj pʲolʲɪˈtɪk dʲeˈputat vʲerxovˈnaj rɐˈdɐ lʲiˈder trʊˈdovoj pɐrtʲiˈji ukrainej ɐˈdnɨj avtor tʲexta dʲɛjstvujuʃčej ukrainej skʲonstʲɪˈtutsʲiї pɐˈɡʲib vʲ aʊtɐkɐˈtrɐstʁɛ 25 avgustɐ 2008 goda.,,
42,eb0aeef7-0470-4a7c-b3a2-8b36b8e7cc0e,"Брайан Джон Троттье — канадский хоккеист, шестикратный обладатель Кубка Стэнли в составе «Нью-Йорк Айлендерс» и «Питтсбург Пингвинз».В НХЛ отыграл 18 сезонов.Участник матчей на Кубок Вызова 1979 года.","bɹeɪən dʒɒn trɔtjə — kænədskiː hɒkɛɪɪst, ʃɛstɪkʁæptənəblədə kʌbəp sɛnliː və səstɔɪvəl ˈnjuːjɔːk ˈaɪləndəz ɪnd ˈpɪtspəːl ˈpɪŋɡvɪnz. v nɛl ɔɪɡrəl 18 sɛzənəv. юзъɛсъɛнъɛсъɛнъɛсъɛнъɛсъɛнъɛсъɛнъɛсъɛнъɛсъɛнъɛсъɛнъɛсъɛнъɛсъɛнъɛсъɛнъɛсъɛнъɛсъɛнъɛсъɛнъɛсъɛнъɛсъɛнъɛсъɛнъɛсъɛнъɛсъɛнъɛсъɛнъɛсъɛнъɛсъɛнъɛсъɛнъɛсъɛнъɛсъɛнъɛсъɛнъɛсъɛнъɛсъɛнъɛсъɛнъɛсъɛнъɛсъɛнъɛсъɛнъɛсъɛнъɛсъɛнъɛсъɛнъɛсъɛнъɛсъɛнъɛсъɛнъɛсъɛнъɛсъɛнъɛсъɛнъɛсъɛнъɛсъɛнъɛсъɛнъ",,
43,2b83c88a-4b88-4196-a524-2db6e0f1c020,"Летсие III.Из династии Сиисо.Занял престол в 1990 году, после того, как под давлением армии его отец король Мошвешве II был вынужден покинуть страну.","lɛtsiːɛ iii. iz dɪnaˈstɪi sʲiˈsɔ. zanʲal pʲrʲɛˈstɔl v 1990 ɡuˈdɔ, pɐˈsʲtə tɐˈmʊ kɐɐˈrʲɛ dɐvʲɛlʲɛnʲɛ aɐˈmʲiːjɛ jɛgo ɐtʲɛs kɔrʲɔl mɔʃvɛˈʃvɛ ii bɛlʲɛ vɨnʲʊdʲɛn ˈpɔkʲɛnʲɛ ˈstrɐnʊ.",,
44,80d59a4b-4773-4ca8-8446-b2de65ec5d2d,"Якоб Стам — нидерландский футболист, защитник, с 2011 года — тренер.С 1996 по 2004 год выступал за сборную Нидерландов, за которую провёл 67 матчей и забил 3 гола.В 1999 и 2000 годах признавался лучшим защитником Лиги чемпионов.","ˈjakɔb ˈstam — nɪdərˈlæntsɪskɪ fʊtbɔlɪst, zəˈfɛndɪk, sə 2011 jɪdɐ — tʃrenər. sə 1996 pɔ 2004 jɔt vɪstupɐl ˈza səbˈbɔrnu nɪdərˈlæntsʊv, ˈza kərʊju prɐvʲe 67 mɐtʃej ɪ zɐbʲɪl 3 ɡolɐ. və 1999 ɪ 2000 jɪdɐfах признавался лучшим защитником Лиги чемпионов. və 1999 ɪ 2000 jɪdɐх prɪznɐvɐlsʲa lʊtʃɪʃɪm zəˈfɛndɪkəm lɪɡɪ tʃɛmˈpʲionʊv.",,
45,ac7a9a26-be6b-4f50-8859-bb11c3edb2ad,"Мария Ивановна Арбатова — российская писательница, драматург, сценарист, радиоведущая, публицист.Психоаналитик, активная деятельница феминистского движения.Член Союза писателей Москвы.",[maˈrʲɪjə ɪˈvɑnəvnə ɑrˈbatəfə] [rɐˈssijskəjə pʲɪˈsətlʲɪtsə] [drɐˈmatʊrlʲ] [sʲɪnʲɪˈarɪst] [rɐˈdʲiəvʲeˈdʊʃtəjə] [pʊbliˈtsist] [psʲɪˈxɔanəˈlʲitɪk] [ɐkˈtʲɪvəjə dʲeˈjatəlʲɪtsə fʲɛmʲɪˈnʲɪstskəjə dʲɪˈvʲɛlʲɪpʲɪjə] [t͡ʃlʲɛn sɐˈjuzə pʲɪˈsətʲɪjə mɐˈskə],,
46,93521634-0426-478b-a022-1846c8eaea20,Афелий — наиболее удалённая от Солнца точка орбиты планеты или иного небесного тела Солнечной системы.Афелий является частным случаем апоцентра для систем Солнце — небесное тело.Антонимом афелия является перигелий — ближайшая к Солнцу точка орбиты.,ɐˈfʲelʲɪj — nɐˈjтɛjstъ ʊˈdɐlʲɵnəj ɔt sɐˈlʲunʦə tɔtka ɔrˈbʲitə pʲæˈnʲitə ɪˈnɔ ɡʲɪˈnʲo ˈnʲɛbʲɪskə tʲɛlə sɐˈlʲunʲɪtɕəj sʲɪstɛmə.ɐˈfʲelʲɪj jɪˈstʲɪjɛt ʧɐrˈtʲɪjɪn ɐˈpɔtsɛntrə fər sʲɪstɛmə sɐˈlʲun ˈnʲɛbʲɪskə tʲɛlə.ɐnˈtɔnʲɪmɔm ɐˈfʲelʲɪj ɪˈstʲɪjɛt pʲɪrʲɪˈɡʲelʲɪj — bʲɪlʲɪˈnaj kə sɐˈlʲunʦə tɔtka ɔrˈbʲitə.,,
47,8da693be-6909-47b6-a89a-b682fa337f00,"Солнечные сутки — промежуток времени, за который небесное тело совершает 1 поворот вокруг своей оси относительно центра Солнца.[уточнить]
Более строго, это промежуток времени между двумя одноимёнными.Солнечные сутки не равны периоду вращения Земли вокруг своей оси.","səl.nʲe.t͡ɕnɨjə sʊt.kʲi — prəmʲezhʊtək vʲe.mʲe.nja, zə rə.kər.sʲe tʲe ˈpovorɔt ʊrʊˈgʲe sʲeɪjə o.sʲi rəlʲa.tʲi.vno t͡sʲe.ntrə sʊl.nʲa. [ut̪o.čnʲitʲ] Bəlʲo rʲe. stro.ɡo, ˈe tə prəmʲezhʊtək vʲe.mʲe.nja mʲe.dzʲu dʲvʲu ˈodnə.ˈjɪmʲe.nʲu. səl.nʲe.t͡ɕnɨjə sʊt.kʲi nʲe rəv.nʲu pʲe.ri.ɔd.ʊ v.rə.tsʲe.ɪnʲiə zʲe.mʲlʲa u.rʊˈgʲe sʲeɪjə o.sʲi.",,
48,34998dd0-c415-4915-87c8-34c2eefbe9cd,"Венера — вторая по удалённости от Солнца и шестая по размеру планета Солнечной системы, наряду с Меркурием, Землёй и Марсом принадлежащая к семейству планет земной группы.Названа в честь древнеримской богини любви Венеры.","ˈvʲenʲɪrə — vtorɐjə pə uˈdʲalʲɵnnosti ɐt sɐˈlʲnɪtsə i ˈʂestʲɪjə pə razˈmɪrə pʲænʲɪˈtə sɐˈlʲnʲɪtsʲɪnəj sʲɪstʲɪˈmə, nɐˈrʲat︠sju s mʲerˈkʊrʲɪjəm, zʲɪmˈlʲəj ɪ mɐrsəm prʲɪnɔˈdʲɪlʲɪaʃtʃʲɪja k sʲɪˈmʲi︠stvu pʲænʲɪˈtʲɪv zʲɪmʲɪnəj gruˈpə.ˈnɐzvɐnə vʲɪnʲɪrə vʲɪnʲɪrə.",,
49,2f7c42b8-ea0a-4ec0-9c81-35615fd3a300,"Хлор третьего периода периодической системы химических элементов Д. И. Менделеева, с атомным номером 17.Простое вещество хлор желтовато-зелёного цвета, тяжелее воздуха, с резким запахом и сладковатым, «металлическим» вкусом.",ˈxlor tərˈtɕjɪvə pʲɪrɪˈodə pʲɪrʲɪjodɪˈskajjə sʲɪstɛmə xʲɪmɪˈtɕɛskɪx ɛlʲɛmɛnˈtov dʲɪ i mʲɪnˈdʲɛlʲɛjɛva sə ətəˈmən məˈjor 17.ˈpʲrəstəjə vʲɛɕtʲʊsʲɪtʲə xlor ʐelʲtəvətso-zʲɛlʲɵnə tsvɛtə tʲæʐʲɛlʲɛ vʲɛjdə s rʲɛzˈkɪm zəpəxəm ɪ slədˈkəvatəm ˈmʲɛtəlʲɪskəm vəstəm.,,
50,641cd9de-3823-4d9f-8aaf-5742e802a2df,"Хром, четвёртого периода периодической системы химических элементов Д. И. Менделеева, с атомным номером 24.Простое вещество хром — это твёрдый переходный металл голубовато-белого цвета.Хром иногда относят к чёрным металлам.","ˈxrom, tɕetˈvʲɵrtəvə pʲɪˈriːdə pʲɪriˈoːdɪtsɨskəj sɨstɛˈmɨ xʲɪmʲɪtsɨx ɛlʲɛˈmɛntəv d. i. mɛndəlʲɛˈjɛva, sə ətəˈmɨnɨm ˈnɔmɨrəm ˈtsɨtʲɪr. prəˈstəːnə vʲɛˈštəsʲtə ˈxrom ˈjɛsʲtə tˈvʲerʲdə pərəˈgjadnyːj mɛˈtəl ɡəlʊˈbovatəvʲɪtɕ ˈbʲɛləvə tˈsʲɛlʲa. ˈxrom əˈvɛsʲtə rəlʲɛˈjət ˈk kʲɪr mɛˈtələm.",,
51,0f8ed202-27e3-4c84-b290-3572d9c7480a,"Квакер: Квакеры — представители «Религиозного общества Друзей».Квакер — птица семейства попугаевых.Единственный вид рода Myiopsitta, известная также, как Калита.",ˈkvakər,,
52,8a30ee6a-3b83-4ec8-9998-3b53ce36c5b2,"География, это сфера территориального распространения чего-либо.Объект изучения географии — законы и закономерности размещения и взаимодействия компонентов географической среды и их сочетаний на разных уровнях.","ɡʲɪɡʲɪˈɡrɐfʲɪjə, ˈɛtə sfʲɪrə tʲɪtʲɪˈtʲɛrʲɪjɪlʲɪx rəspʲɪrənˈdʲɛsʲɪjɪ ɡʲɪ ɡʲɪbə. ˈobjɛkt ɪzˈdʲuːʃɪnʲɪ ɡʲɪˈɡrɐfʲɪjə — zəkɐnɪ ɪ zəkɐnəˈmʲɛstɪ rəzˈmʲɛʃʲɪnʲɪ ɪ vzɐjˈmədʲɛjstvʲɪja kəmpənɪˈjɛntəv ɡʲɪˈɡrɐfʲɪskəjɪ sʲrɛːdə ɪ jɪr səbˈtʃɛtʃɪjɪnʲɪ nə ˈrɐːx ˈlʲuːvlʲɛx.",,
53,38ed62b4-3728-4796-9c56-323a821e7858,"1067 год по юлианскому календарю — невисокосный год, начинающийся в понедельник.Это 1067 год нашей эры, 7 год 7-го десятилетия XI века 2-го тысячелетия, 8 год 1060-х годов.Он закончился 957 лет назад.",ˈdʲeсяť ˈdʲeсяť ˈdʲeсяť ˈdʲeсяť ˈdʲeсяť ˈdʲeсяť ˈdʲeсяť ˈdʲeсяť ˈdʲeсяť ˈdʲeсяť ˈdʲeсяť ˈdʲeсяť ˈdʲeсяť ˈdʲeсять ˈdʲeсять ˈdʲeсять ˈdʲeсять ˈdʲeсять ˈdʲeсять ˈdʲeсять ˈdʲeсять ˈdʲeсять ˈdʲeсять ˈdʲeсять ˈdʲeсять ˈdʲeсять ˈdʲeсять ˈdʲeсять ˈdʲeсять ˈdʲeсять ˈdʲeсять ˈdʲeсять ˈdʲeсять ˈdʲeсять ˈdʲeсять ˈdʲeсять ˈdʲeсять ˈdʲeсять ˈdʲeсять ˈdʲeсять ˈdʲeсять ˈdʲeсять ˈdʲeсять ˈdʲeсять ˈdʲeсять ˈdʲeсять ˈdʲeсять ˈdʲeсять ˈdʲeсять ˈdʲeсять ˈdʲeсять ˈdʲeсять ˈdʲeсять ˈdʲeсять ˈdʲeсять ˈdʲeсять ˈdʲeся,,
54,85f2b817-7f87-47ea-9b96-0a08b71cc1cc,"Век — внесистемная единица измерения времени, равная 100 годам.Десять веков составляют тысячелетие.В Российской Федерации единица век допущена для использования наряду с единицами времени Международной системы единиц.",ˈvʲeɪk ˈvʲeɪk ˈvʲeɪk ˈvʲeɪk ˈvʲeɪk ˈvʲeɪk ˈvʲeɪk ˈvʲeɪk ˈvʲeɪk ˈvʲeɪk ˈvʲeɪk ˈvʲeɪk ˈvʲeɪk ˈvʲeɪk ˈvʲeɪk ˈvʲeɪk ˈvʲeɪk ˈvʲeɪk ˈvʲeɪk ˈvʲeɪk ˈvʲeɪk ˈvʲeɪk ˈvʲeɪk ˈvʲeɪk ˈvʲeɪk ˈvʲeɪk ˈvʲeɪk ˈvʲeɪk ˈvʲeɪk ˈvʲeɪk ˈvʲeɪk ˈvʲeɪk ˈvʲeɪk ˈvʲeɪk ˈvʲeɪk ˈvʲeɪk ˈvʲeɪk ˈvʲeɪk ˈvʲeɪk ˈvʲeɪk ˈvʲeɪk ˈvʲeɪk ˈvʲeɪk ˈvʲeɪk ˈvʲeɪk ˈvʲeɪk ˈvʲeɪk ˈvʲeɪk ˈvʲeɪk ˈvʲeɪk ˈvʲeɪk ˈvʲeɪk ˈvʲeɪk ˈvʲeɪk ˈvʲeɪk ˈvʲeɪk ˈvʲeɪ,,
55,e343ce49-c6fa-4172-b7c8-33f15e7fccf6,"1924 год по григорианскому календарю — високосный год, начинающийся во вторник.Это 1924 год нашей эры, 4 год 3-го десятилетия XX века 2-го тысячелетия, 5 год 1920-х годов.Он закончился 100 лет назад.",ɡʲɪˈdʲe ɡʲɪ ɡʲɪɡʲɪˈɡʲorʲɪjɪn skʲɪj ɡʲɪˈlʲeɪndʲeɪrʲu ɡʲɪ ˈvʲɪskɔsp ɡʲɪˈdɔ ɡʲɪˈnʲaɪmʲɪnʲɪˈɡʲɪsʲtʲɪrʲɪɡʲɪ ˈvʲɪtʲɪˈnʲɪtsʲɪ. ˈɪtʲɪ ɡʲɪˈdʲe ɡʲɪ ɡʲɪˈnʲaʊʃr ˈɛrə. ˈɪtʲɪ ɡʲɪˈdʲe ɡʲɪ ɡʲɪˈdʲe ɡʲɪ ˈtʲrʲi ɡʲɪˈdʲe ɡʲɪˈsʲɪtʲɪ ɡʲɪˈsʲɪj ɡʲɪˈtʲsʲɛ ɡʲɪˈvʲɪtsʲɛ ɡʲɪˈtʲu ɡʲɪˈtʲы ɡʲɪˈtʲы ɡʲɪˈtʲы ɡʲɪˈtʲы ɡʲɪˈtʲы ɡʲɪˈtʲы ɡʲɪˈtʲы ɡʲɪˈtʲы ɡʲɪˈtʲы ɡʲɪˈtʲы ɡʲɪˈtʲы ɡʲɪˈtʲы ɡʲɪˈtʲы ɡʲɪˈtʲы ɡʲɪˈtʲы ɡʲɪˈtʲы ɡʲɪˈtʲы ɡʲɪˈtʲы ɡʲɪˈtʲы ɡʲɪ,,
56,5dc7e397-2093-44db-9c14-b5a965ce1015,"1452 год по юлианскому календарю — високосный год, начинающийся в субботу.Это 1452 год нашей эры, 2 год 6-го десятилетия XV века 2-го тысячелетия, 3 год 1450-х годов.Он закончился 572 года назад.",ˌdʲɪsʲɪˈtʲiːlʲiɪtʲiɪ ˌkʲaːlʲɪnˈdʲaːrʲuː ˈvʲiːskosnɨɪ ˌgɔd ˌnʲaɪˈtɕiːsʲɪˈbʲuːtʲiɪ ˌsɨˈbət்த ˌjɵ ˌdʲɪsʲɪˈtʲiːlʲiɪtʲiɪ ˌkʲaːlʲɪnˈdʲaːrʲuː ˈvʲiːskosnɨɪ ˌgɔd ˌnʲaɪˈtɕiːсʲɪˈbʲuːtʲiɪ ˌsɨˈbət்த ˌjɵ ˌdʲɪsʲɪˈtʲiːlʲiɪtʲiɪ ˌkʲaːlʲɪnˈdʲaːrʲuː ˈvʲiːskosnɨɪ ˌgɔd ˌnʲaɪˈtɕiːсʲɪˈbʲuːtʲiɪ ˌsɨˈbət்த ˌjɵ ˌdʲɪsʲɪˈtʲiːlʲiɪtʲiɪ ˌkʲaːlʲɪnˈdʲaːrʲuː ˈvʲiːskosnɨɪ ˌgɔd ˌnʲaɪˈtɕiːсʲɪˈbʲuːtʲiɪ ˌsɨˈbət்த ˌjɵ ˌdʲɪsʲɪˈtʲiːlʲiɪtʲiɪ ˌkʲa,,
57,3d552df8-f89e-4107-bd5c-cdf28bb0e0f7,"Юпитер — крупнейшая планета Солнечной системы, пятая по удалённости от Солнца.Наряду с Сатурном Юпитер классифицируется как газовый гигант.",d͡ʑuˈpʲitʲɪr ˈkruːpʲnʲeɪʃtʲa pʲaˈnʲɛtə sələˈnʲitɕnəj sʲɪˈstəmə pʲaˈtəj pə uˈdaːlʲɵnʲɪstʲe fʲuˈsənə. nəˈrʲaːdʲu sə sətərˈnəm d͡ʑuˈpʲitʲɪr klʲaːsʲɪfʲɪˈsiruːtsə kək ˈgazəvəj ˈɡʲigʲant.,,
58,f93f15bd-f843-463a-931e-34fc268a5b76,Сатурн — шестая планета по удалённости от Солнца и вторая по размерам планета в Солнечной системе после Юпитера.Сатурн классифицируется как газовая планета-гигант.Сатурн назван в честь римского бога земледелия.,sɐtʊrˈn ʂɛstˈaja plɐˈnɛtə pə uˈdəlʲɵnʲɵstʲɵt sʊlˈnətsə ɪ vˈtorəja pə razˈmʲɛrəm plɐˈnɛtə v sʊlˈnɛtɕjəj sʲɪˈstɛmə pəsʲɪ ˈjʊpɪtʲɪrə. sɐtʊrˈn klɐsɪfʲɪˈtɪrujtsə kəlʲ ˈgazəvəj plɐˈnɛtə ˈgʲɪɡʲɪnt. sɐtʊrˈn nɐˈzvən v tɕɛstʲu rʲɪmˈskəj bəɡə zʲɪmˈlʲɛdʲɛlʲɪja.,,
59,b4071a99-e906-4191-b4c5-400b3aa405af,"Водород — химический элемент первого периода периодической таблицы химических элементов Д. И. Менделеева, с атомным номером 1.Одноатомная форма водорода — самое распространённое химическое вещество во Вселенной, составляющее примерно 75 % всей барионной массы.","və.dɐˈrɐt͡ɕ — xʲɪˈmʲɪ.ɕɪj ɪˈlʲɛ.mɛnt ˈpʲɛrʲɪjˈdɐ ˈpʲɛrʲɪjˈdʲɪj.eskɐj tɐˈbʲlʲɪtsɨ xʲɪˈmʲɪ.ɕɪj ɪˈlʲɛ.mɛntɐv dʲɪ.ɪ mʲɪn.dʲɪˈlʲɛj.ɪˈvʲa, sɐ ɐˈtɒm.nɨj ˈnɔmʲɪr 1. ɐˈdɐtɐm.ɐˈtɐm.ɐj fɐˈmɐ və.dɐˈrɐdɐ — sɐˈmɐ rɐspʲrɐˈstrʲɪ.ɕɪj xʲɪˈmʲɪ.ɕɪj vʲɛɕˈtsɨ sə vɐˈsʲɛlʲɪj, sɐˈzɨv.lʲa jɛ prʲɪˈvʲɛz 75 % vʲɛlʲɪj bɐˈrʲɪj.ОН mass.",,
60,45a03e57-08a4-49f4-8f54-47256b312ac1,"Гелий первого периода периодической системы химических элементов Д. И. Менделеева с атомным номером 2.Простое вещество гелий — инертный одноатомный газ без цвета, вкуса и запаха.По распространённости во Вселенной и по лёгкости занимает второе место после водорода.",ɡəˈliɪj fərˈvəj pʲɪrɪˈjɔdə pʲɪrʲɪjʊˈdɪstɪčɪskəj sʲɪstɛˈmə xʲɪmɪˈčɪskəj ɛlʲɛˈmɛntəf dʲɪ i mʲɪnˈdʲɛlʲɪjɛɪvə səˈatomnəm ˈnomərəm dʲu. prəˈstəjə vʲɛˈštəsʲtə ɡəˈliɪj ɪnˈɛrtnəj ənˈdəatomnəj ɡəz bəz tsvʲɛtə vəˈstə ɡəˈpəxə. pə rəspʲɪrətʲɪˈvnəstʲɪ vəvʲɛlʲɪˈunə ɪ pə lʲɵɡkəstʲɪ zənəˈmɛj tərˈdɛj pəsʲtʲɛ vədərəˈdə.,,
61,fac6cf6d-2e6b-44ed-8cfd-e7008aaac759,"Марс — четвёртая по удалённости от Солнца и седьмая по размеру планета Солнечной системы.Наряду с Меркурием, Венерой и Землёй принадлежит к семейству планет земной группы.Названа в честь Марса — древнеримского бога войны, соответствующего древнегреческому Аресу.",ˈmɑrs,,
62,747ebbc7-145c-43e9-9b4d-1aedf3c1ee1e,"Окситанский язык, провансальский язык выделяют особую пиренейскую группу романских языков, к которой относят окситанский, каталанский, гасконский и арагонский языки.Другие лингвисты относят окситанский вместе с каталанским к окситано-романской подгруппе.","ˌɔksɪtɑ̃ski jɪzɪk, prɔvɑ̃sальski jɪzɪk vɨdʲɪljʊt əs'bəʊzal'pirənɛjskʊ grʊpjʊ rɔmɑ̃skʊ jɪzɪk, kətərʊjʊ rələtjʊt ɔksɪtɑ̃ski, kətəlɑ̃ski, gɑ̃skɔ̃ski ɪ arəɡɔ̃ski jɪzɪk. Dʁʊgʲɪjɪ lɪŋɡvɪstɪ rələtjʊt ɔksɪtɑ̃ski təgɛt sə kətəlɑ̃ski kɔk sə ɔksɪtɑ̃nɔ-ʁɔmɑ̃skʊ pɔdɡʁʊpjʊ.",,
63,2719c348-b275-4f64-af1e-44e241693c29,"Кириллица — один из двух.Почти во всех славянских землях вплоть до XI века кириллица использовалась параллельно с глаголицей.У западных славян кириллица быстро вышла из употребления, её заменило латинское письмо.","kʲɪrɪˈlʲɪtsə — ɐˈdʲin ɪz dʲve. pɐˈtɕːi vɐˈzʲɛ slɐˈvʲænskʲɪx zʲɛmlʲɪax vplɔtʲ lʲi xi vʲeˈkʲi kʲɪrɪˈlʲɪtsə ɪzpoluˈzovalася pɐˈralʲlʲɛlnɔ s glɐˈɡolʲɪtsʲeɪ. u zɐˈpɐʂtɕːi slɐˈvʲæns kʲɪrɪˈlʲɪtsə bryːko vɨˈzʲi iz uˈtʲɛplʲuˈzʲɛnʲiə, jɪrə zɐmʲɪnʲiˈlo latʲɪnˈskə pʲɪsʲmə.",,
64,c2fdb035-3261-4215-a221-80b3db7a4e64,"Кириллица — один из двух.Почти во всех славянских землях вплоть до XI века кириллица использовалась параллельно с глаголицей.У западных славян кириллица быстро вышла из употребления, её заменило латинское письмо.","kʲɪrɪˈlʲɪtsə — ɐˈdʲin ɪz dʲve. pɐˈtɕːi vɐˈzʲɛ slɐˈvʲænskʲɪx zʲɛmlʲɪax vplɔtʲ lʲi xi vʲeˈkʲi kʲɪrɪˈlʲɪtsə ɪzpoluˈzovalася pɐˈralʲlʲɛlnɔ s glɐˈɡolʲɪtsʲeɪ. u zɐˈpɐʂtɕːi slɐˈvʲæns kʲɪrɪˈlʲɪtsə bryːko vɨˈzʲi iz uˈtʲɛplʲuˈzʲɛnʲiə, jɪrə zɐmʲɪnʲiˈlo latʲɪnˈskə pʲɪsʲmə.",,
65,f1d4f2fb-fa52-464c-adf8-33f0f2d21e71,IX век по юлианскому календарю — век с 1 января 801 года по 31 декабря 900 года.Это 9-й век 1-го тысячелетия.Закончился 1124 года назад.,ˈjɛk ˈvʲeɪk pə ˌjʊliˈanskəjə ˌkɐlʲɪnˈdʲarʲu — ˈvʲeɪk s ˈjænʊˈvʲarʲe ˌtʂɪtˈfʲɵrʲu ˌpə ˈsʲɪmbər ˌtrʲɪtsˈtəlʲu. ˈɛtə ˌnʲaʊtʲɪrˈnɔɪ ˌvʲeɪk ˌtʲuˈzɛntsʲɪlʲɪˈtʲerʲu. ˌzəkɔnˈtɕɪtsə ˌjɛtʲɪrˈnɔɪ ˌgɔdə ˌnəˈpyatʲu.,,
66,9cfb283a-5a7a-49fe-85ab-9bd77cb2e044,"863 год по юлианскому календарю — невисокосный год, начинающийся в пятницу.Это 863 год нашей эры, 3 год 7-го десятилетия IX века 1-го тысячелетия, 4 год 860-х годов.Он закончился 1161 год назад.","ˈoɡo ˈpə jʊˈliːənskəjə kəlʲɪˈdʲarʲɪjə nʲɪvʲɪˈsəkəsnyj ɡōd nʲɪˈkərəjəsʲtsəjə vʲɪˈtʃʊrə. ˈoɡo ˈōstə ˈnəʃrəj ˈɛrə ˈtrʲitsətый ˈgо̄d ˈsʲēmʲi ˈdʲesʲɪtʲiˈlʲiːtʲiɪ ˈnʲiːnʲiːtʲiˈjentʲiɪ ˈtʲiːzʲītʲiˈlʲiːtʲiɪ, ˈčʲiːtый ˈgо̄д ˈōstə ˈōstə ˈōstə ˈōstə ˈōstə ˈōstə ˈōstə ˈōstə ˈōstə ˈōstə ˈōstə ˈōstə ˈōstə ˈōstə ˈōstə ˈōstə ˈōstə ˈōstə ˈōstə ˈōstə ˈōstə ˈōstə ˈōstə ˈōstə ˈōstə ˈōstə ˈōstə ˈo",,
67,99b94172-3df7-4737-918b-0e2c56f11f8d,"1877 год по григорианскому календарю — невисокосный год, начинающийся в понедельник.Это 1877 год нашей эры, 7 год 8-го десятилетия XIX века 2-го тысячелетия, 8 год 1870-х годов.Он закончился 147 лет назад.",ɡʲɪˈdʲe ɡrʲɪɡɔrʲɪˈanskəjə kəlʲɪnˈdʲarʲɪ ˈnʲiːvʲɪskɔsnyɪ ɡoʊd nʲɪˈkənɪkʲɪˈnʲiːm pʲɪˈtʲerkuː ˈmʲiːdʲe ɡʲɪˈdʲe ɡrʲɪɡɔrʲɪˈanskəjə kəlʲɪnˈdʲarʲɪ ˈnʲiːvʲɪskɔsnyɪ ɡoʊd nʲɪˈkənɪkʲɪˈnʲiːm pʲɪˈtʲerkuː ˈmʲiːdʲe ɡʲɪˈdʲe ɡrʲɪɡɔrʲɪˈanskəjə kəlʲɪnˈdʲarʲɪ ˈnʲiːvʲɪskɔsnyɪ ɡoʊd nʲɪˈkənɪkʲɪˈnʲiːm pʲɪˈtʲerkuː ˈmʲiːdʲe ɡʲɪˈdʲe ɡrʲɪɡɔrʲɪˈanskəjə kəlʲɪnˈdʲarʲɪ ˈnʲiːvʲɪskɔsnyɪ ɡoʊd nʲɪˈkənɪkʲɪˈnʲiːm pʲɪˈtʲerkuː ˈmʲiːdʲe ɡʲɪˈdʲe ɡrʲɪɡɔrʲɪˈanskəjə kəlʲɪnˈdʲarʲɪ ˈnʲiːv,,
68,a89098dd-d5b9-46cd-bb60-ad3826a9969e,"Калининградская область.Расположена в Центральной Европе.На юге граничит с Польшей, на севере и востоке — с Литвой.","kəlʲɪnʲɪnɡrədskaja obləstʲ. rəspləlʲɪtə v t͡sɛntrəlʲɪskəjə jɪvropə. na juːɡʲe grənʲɪtɕɪt s pəlʲɪʃəjə, na sʲɛvʲɛrə vəstəkʲe — s lʲɪtʲɪjə.",,
69,2b990d2e-a7d3-4fcb-ae38-4aa6ab5f644a,"1226 год по юлианскому календарю — невисокосный год, начинающийся в четверг.Это 1226 год нашей эры, 6 год 3-го десятилетия XIII века 2-го тысячелетия, 7 год 1220-х годов.Он закончился 798 лет назад.",ˌdʲɪsʲɪˈtʲiːlʲiɪtʲiɪ ˈsʲeɪˌsʲeɪ ˌdʲɪsʲɪˈtʲiːlʲiɪ ˈsʲeɪˌsʲeɪ ˌdʲɪsʲɪˈtʲiːlʲiɪ ˈsʲeɪˌsʲeɪ ˌdʲɪsʲɪˈtʲiːlʲiɪ ˈsʲeɪˌsʲeɪ ˌdʲɪsʲɪˈtʲiːlʲiɪ ˈsʲeɪˌsʲeɪ ˌdʲɪsʲɪˈtʲiːlʲiɪ ˈsʲeɪˌsʲeɪ ˌdʲɪsʲɪˈtʲiːlʲiɪ ˈsʲeɪˌsʲeɪ ˌdʲɪsʲɪˈtʲiːlʲiɪ ˈsʲeɪˌsʲeɪ ˌdʲɪsʲɪˈtʲiːlʲiɪ ˈsʲeɪˌsʲeɪ ˌdʲɪsʲɪˈtʲiːlʲiɪ ˈsʲeɪˌsʲeɪ ˌdʲɪsʲɪˈtʲiːlʲiɪ ˈsʲeɪˌsʲeɪ ˌdʲɪsʲɪˈtʲiːlʲiɪ ˈsʲeɪˌsʲeɪ ˌdʲɪsʲɪˈtʲiːlʲiɪ ˈsʲeɪˌsʲeɪ ˌdʲɪsʲɪˈtʲiːlʲiɪ ˈsʲeɪˌsʲeɪ ˌ,,
70,9e7c037b-656d-4c2b-8100-bba8d038e270,"Греческий алфавит — алфавит греческого языка и других языков греческой группы.Он непрерывно используется с конца IX или начала VIII века до н. э.
Греческий алфавит — это, предположительно, первый алфавит, содержащий как согласные, так и гласные, и использующий для них раздельные знаки.",ɡrʲɛt͡sʲkʲɪj ɐlfɐvʲɪt ˈa lʲfɐvʲɪt ɡrʲɛt͡sʲkого jɪzɨkа ɪ drugʲɪx jɪzɨk греческой gruːpə. ˈOn nʲɪprʲɪrʲɪvno ɪzpolʹzovаt͡sja s kənца ɪksʲ ɪlʲ ɪ səčаlə vʲɪtʲa də n. э. ɡrʲɛt͡sʲkʲɪj ɐlfɐvʲɪt ˈe tə prʲɪdložʲɪtʲelʲnəj pʲɪrʲɪj ɐlfɐvʲɪt ɡrʲɛt͡sʲkого jɪzɨkа ɪ drugʲɪx jɪzɨk греческой gruːpə. ˈOn nʲɪprʲɪrʲɪvno ɪzpolʹzovаt͡sja s kənца ɪksʲ ɪlʲ ɪ səčаlə vʲɪtʲa də n. э. ɡrʲɛt͡sʲkʲɪj ɐlfɐvʲɪt ˈe tə prʲɪdložʲɪtʲelʲnəj pʲɪrʲɪj ɐlfɐvʲɪt ɡrʲɛt͡sʲkого jɪzɨkа ɪ drugʲɪx jɪzɨk греческой gruːpə. ˈOn nʲɪprʲɪrʲɪvno,,
71,8d89a2a2-6f42-4a86-a0ba-6c09119f8c12,"Русский алфавит.Около 863 года братья Кирилл и Мефодий из Солуни.Позже старославянский язык проник в Сербию, а в конце X века стал языком церкви в Киевской Руси.",rʊsˈkʲi jɪzɪk,,
72,4e0b24a3-e9d1-4d8b-89ce-b58e448f167e,"Украинский алфавит.А во всех случаях передаёт звук [a], но в предударных слогах может появиться небольшая огубленность — [a°] ;
Г передаёт звонкий гортанный или заднеязычный фрикативный звук [ɦ];
Ґ соответствует русскому Г;
Е соответствует русскому Э;
Є соответствует русскому Е;
Ж соответствует русскому, но перед І — смягчённый [ʑ], примерно как в русском слове «вещдок»;
И передаёт ненапряжённый неогублённый гласный переднего ряда верхнего подъёма [ɪ]; в безударных слогах может появиться сходство с Ы
I соответствует русскому И ;
Ї читается как ЙИ;
Й перед «о» обозначает полугласный [j]; в других позициях — неслоговой гласный [i̯];
О во всех позициях читается как [o]; в предударных слогах может появиться сходство с У, особенно, если в слове несколько огубленных гласных ;
Ц соответствует русскому, но перед Ь и смягчающими гласными — мягкий [t͡sj];
Ч произносится твёрдо [t͡ʃ]=[т͡ш], как в белорусском, сербском ; но перед І, Ю, Я — смягчается, как в русском;
Ш соответствует русскому, но перед смягчающими гласными — смягчённый, похожий на русский Щ;
Щ в литературном украинском произношении читается как твёрдое [ʃt͡ʃ]=[шт͡ш].","a, ɦ, ɡ, e, je, ʑ, i, i, jɪ, j, o, t͡s, t͡ʃ, ʃ, ʃt͡ʃ",,
73,4cfe41bf-b115-4ecd-9e8d-2f1b8683037e,Белорусский алфавит был создан и белорусский арабский алфавит.Древнебелорусские тексты написаны преимущественно общеславянской кириллической графикой.,bʲɛlɔrʊsˈkʲiː ɐlˈfɐvʲɪt bʊlˈdʑeɪtɕ ɪ bʲɛlɔrʊsˈkʲiː ɐrɐbˈskʲiː ɐlˈfɐvʲɪt. dʲrʲɛwnʲe bʲɛlɔrʊsˈkʲiː tʲɛkstɨ nɐpʲɪsɐnɨ pʲrʲɛmʲɛnʲnɔ ɡɐsːɡlʲaʊ̯nʲsʲkʲiː kʲɪrʲɪlʲɪtɕeskʲiː ɡrɐfʲɪkɐj.,,
74,75e0a871-730c-414f-aea6-822107057581,"Болгарский язык — язык болгар, относящийся к южной подгруппе славянской группы индоевропейской языковой семьи.Официальный язык Республики Болгария.Один из официальных языков Европейского союза, Европейского совета, Европейского парламента и Европейского центрального банка.","bəɫˈɡaːrski jɪzɨk — jɪzɨk bəɫˈɡaːr, ɐˈtrɔːdʑiˈrjɛndʑi kə jʊˈdʑiːnə pədɡruːpə sləˈvʲanskaː jɪzɨkəvə gruːpə ɪnˈdəoˈjʊropejskaː jɪzɨkəvə səˈmʲiːli. ɔˈfʲiːtsiːlnə jɪzɨk ʀɛˈpublɪkə bəɫˈɡaːrɪjə. ɔˈdʲin ɪz ɔˈfʲiːtsiːlənə jɪzɨkə jɛvˈropejskə səjuzə, jɛvˈropejskə səvətə, jɛvˈropejskə pərləˈmɛntə, ɪ jɛvˈropejskə t͡sɛntrələ bənˈkə.",,
75,5833a1f5-71bf-4c15-9269-99eb764b1921,"Вуковица, или сербская кириллица, которую в Сербии, Черногории и в Боснии называют просто «азбука» — кириллический алфавит для сербскохорватских языков, созданный в начале XIX века и с тех пор не менявшийся.Используется преимущественно в Сербии, Черногории и реже в Боснии и Герцеговине.",vʊkɔʋit͜sə,,
76,1ee92b94-66f5-41b4-95da-c5377a792a09,"Алфавит современного македонского языка был создан в 1944 году, утверждён в 1945, и с тех пор не изменялся.В нём, как и в алфавите сербского языка, по сравнению с русским, отсутствуют буквы Ё, Й, Щ, Ъ, Ы, Ь, Э, Ю, Я, но есть 7 других букв.","ɐlˈfɑvʲɪt sərˈdʲɛmnəɡə jɪzɨkə bʊl ˈstʁʊk ɪn 1944 ɡʊdə, utvərˈdʲɛn ɪn 1945, i s tɛx pɔr nɛ ɪzˈmɛnʲɪvəl. V nɛm, kɐk ɪ v ɐlˈfɑvʲɪt sɛrbəskə jɪzɨkə, pə sravnɛniy s rʊsskəm, ɐtˈsʊtstvʊjʊt bʊkɨ ʲo, j, ʂ, ʊ, ɨ, ʲ, e, jʊ, jɑ, nɔ jɛst 7 drugɨx bʊkɨ.",,
77,2582dd5e-97bc-4a5f-8c21-684d94290726,Глаголица — первый славянский алфавит.Создан в середине IX века византийским миссионером Кириллом для перевода богослужебных текстов с греческого языка на старославянский.В середине IX века княжество Великая Моравия оказалось под угрозой исчезновения.,ɡlɐɡɔlʲɪtsə — pʲerˈvʲiː slɐˈvʲanskiː ɐlˈfɐvʲɪt. səˈzdɐn vʲ sʲɛˈrʲiːdʲɪnʲe ɪksʲe vʲɪzɐnˈtʲijskʲim mʲɪˈssʲiːnʲɛrəm kʲɪˈrʲiːlʲɵm dʲeː pʲɛrˈvʲeːdʲa bɐɡɐˈsluːʐbʲɛnʲiː tʲɛkˈstɨ sʲ ɡrʲɛˈtɕɪskʲeː jɪzɨkʲeː nɐ stɐrɐˈslɐvʲanskiː. vʲ sʲɛˈrʲiːdʲɪnʲe ɪksʲe kʲnʲaˈʐɛstvə vʲɛlʲɪkʲaː mɔrɐˈvʲiːjə ɐˈkɔlɐsʲ ˈpɐd ʊɡrɐˈzʲeː ɪsʲtɕɛzˈnɛvʲɛnʲiː.,,
78,fd2b1cef-1dd7-4529-9d9a-a22a68be1fde,"Семь чудес света, или семь чудес Древнего мира — список самых прославленных сооружений архитектуры.Составление списка самых знаменитых поэтов, философов, полководцев, великих царей, как и памятников архитектуры и искусства — традиционный «малый» жанр греческой эллинистической поэзии и своего рода упражнение в риторике.","sʲɪmʲɪ t͡ʃʊdʲɪs sʲvʲeɪtə, ɪlʲɪ sʲɪmʲɪ t͡ʃʊdʲɪs dʲrʲɛvʲɪnəvə mʲɪrə — spʲɪsək səjx prəsləvlʲɪnəj sərʊzʊjnjərə ɑrkhɪtɛktʊrə. Səstəvlenʲɪe spʲɪsək səjx znəmʲɪnʲɪtʲɪj pʲɵjɪtəf, fʲɪləsəf, pələkəvədtsəf, vʲɛlʲɪkʲɪj t͡sərʲɪj, kək ɪ pəmʲɪjnjəkərə ɑrkhɪtɛktʊrə ɪ ərkhəjt — trədʲɪtsəjnjəj ˈmələj ʐanr ɡrʲɛtskəj ɛllʲɪnɪstɪtskəj pʲɵzʲɪj ɪ səvəjvə rədə uprətsɪrəktsə.",,
79,a2e755e2-fabb-455a-8a99-f24c4c351a29,"Болгарский алфавит — кириллический алфавит болгарского языка.Включает 30 букв — по сравнению с русским, в нём отсутствуют буквы Ё, Ы, Э. Наиболее существенные отличия болгарского алфавита от русского: Буква Е обозначает гласный звук [ɛ].",bɔɫˈɡaːrskiː ɐlˈfɐʋɪt kʲɪrɪˈlɪtɕɪskʲɪj ɐlˈfɐʋɪt bɔɫˈɡaːrskogo jɪzɪka vkljuːˈtʃɪt sʲɪˈmʲi ˈbʊkɪv ˈbʊkɪv ˈbʊkɪv ˈbʊkɪv ˈbʊkɪv ˈbʊkɪv ˈbʊkɪv ˈbʊkɪv ˈbʊkɪv ˈbʊkɪv ˈbʊkɪv ˈbʊkɪv ˈbʊkɪv ˈbʊkɪv ˈbʊkɪv ˈbʊkɪv ˈbʊkɪv ˈbʊkɪv ˈbʊkɪv ˈbʊkɪv ˈbʊkɪv ˈbʊkɪv ˈbʊkɪv ˈbʊkɪv ˈbʊkɪv ˈbʊkɪv ˈbʊkɪv ˈbʊkɪv ˈbʊkɪv ˈbʊkɪv ˈbʊkɪv ˈbʊkɪv ˈbʊkɪv ˈbʊkɪv ˈbʊkɪv ˈbʊkɪv ˈbʊkɪv ˈbʊkɪv ˈbʊkɪv ˈbʊkɪv ˈbʊkɪv ˈbʊkɪv ˈbʊkɪv ˈbʊkɪv ˈbʊkɪv ˈbʊkɪv ,,
80,6daa3b36-2477-4085-b958-6308e30143c5,"Ветхий Завет — первая, древнейшая из двух, а в православии и католицизме — также и из других еврейских религиозных книг.В Ветхий Завет во всех христианских конфессиях входит 39 книг Танаха, являющегося общим священным текстом иудаизма и христианства.",vʲɪtˈxij zɐˈvʲet — pʲɪrˈvaja dʲrʲɛˈvʲenʲɪjə iz dʲvʲɪh a v prɐˈvoslɐvʲɪjɪ i kɐtɐˈlʲɪtsʲɪzʲmʲe — tɐkже i iz drugʲɪx jɪvˈraj skɐrʲɪˈdʲnʲɪx knʲɪk. v vʲɪtˈxij zɐˈvʲet v vʲɪsh xʲrʲɪstʲɪˈanskʲɪx kɐnʲɪˈfɛsʲɪjɪx vʲɪnɐkt 39 knʲɪk tɐˈnaxa jɪˈlʲaːjɪm ɐbˈtɕɛm sʲvʲɛjɕɪnʲɪm tʲɛkstəm jʊˈdʲaɪzʲmʲa i xʲrʲɪstʲɪˈanskʲɪm.,,
81,5e5afa8e-1d69-442c-81c1-749de8f87c45,"Новый Завет — собрание из двадцати семи книг, представляющее собой одну из двух, наряду с Ветхим Заветом, частей Библии.С христианской точки зрения, Новый Завет есть центральная фаза Божественного Откровения.Словосочетание «новый завет».",nɐˈvʲi zɐˈvʲet sɐbˈrʲaːnʲi iz dvaˈdzʲit sʲeˈmʲi kʊˈbʲiɡ prʲɪzʲɪnʲaˈjʊtʲ sʲa bʲiˈdu ɪz dva nɐˈrʲi s vʲeˈtχim zɐˈvʲet bʲiˈbʲiːr. s xʲrʲiˈstʲiːaːn skoˈpʲi sʲuˈzʲi nɐˈvʲi zɐˈvʲet ʲes t͡sʲeˈntralʲnə fʲazə bɐˈʐestvənə oˈtkrʲiːvʲenʲi. sʲlɐˈvəsət͡sʲeˈt͡sə nɐˈvʲi zɐˈvʲet.,,
82,15870b40-bf99-4d51-9b6e-0739cba82778,"Библия — собрание текстов, составляющих Священное Писание в иудаизме и христианстве.В иудаизме Священным Писанием является Танах, именуемый также Еврейской Библией; в христианстве — Ветхий Завет, состоящий из книг Танаха и дополнительных священных книг, и Новый Завет.",[bʲɪˈbʲɪlʲɪjə] [sɐbˈzrɐnʲɪjə] [tʲɛkstɐf] [sɐstɐˈvlyʊʃtɕɪ] [svʲɪˈɕɛn.nəjə] [pʲɪsɐˈnʲɪɪ] [vʲɪ] [jʊˈdaɪzmu] [ɪ] [xʲrʲɪˈstʲɪjənстве]. [vʲɪ] [jʊˈdaɪzmu] [svʲɪˈɕɛn.nəjə] [pʲɪsɐˈnʲɪɪ] [jɛsʲɪ] [tɐˈnakh] [ɪmʲɪˈnʊɪmʲɪ] [tɐkˈso] [jɛvʲrɛjskɐjə] [bʲɪˈbʲɪlʲɪjə]; [vʲɪ] [xʲrʲɪˈstʲɪjənстве] [vʲɛtʲxʲɪj] [zɐˈvʲɛt] [stɐˈtɕɪst] [iz] [kɐbɐk] [tɐˈnakh] [ɪ] [dɐplʲɪnʲɪˈtɛlʲɪx] [svʲɪˈɕɛn.nəjə] [kɐbɐk] [ɪ] [nɐˈvʲɛj] [zɐˈvʲɛt].,,
83,8f2e776f-21db-4415-a0e2-5a92110466ac,"«Велесова книга» — фальсификация, созданная в XIX или, что более вероятно, XX веке и примитивно имитирующая праславянский язык.Повествует о глубоких «арийских» корнях славян и русского народа.Отражает русоцентризм автора, в частности, в именовании славян «русичами».",ˈvʲelʲɪsəvə ˈkʲɪnʲɪɡə fɐɫˈsʲɪfʲɪkɐˈt͡sʲɪjə sːtːsːkːrːeːnː ɪm ˈxʲɪx ˈvʲɪdʲɪ ˈvʲɪdʲɪ ˈvʲɪdʲɪ ˈvʲɪdʲɪ ˈvʲɪdʲɪ ˈvʲɪdʲɪ ˈvʲɪdʲɪ ˈvʲɪdʲɪ ˈvʲɪdʲɪ ˈvʲɪdʲɪ ˈvʲɪdʲɪ ˈvʲɪdʲɪ ˈvʲɪdʲɪ ˈvʲɪdʲɪ ˈvʲɪdʲɪ ˈvʲɪdʲɪ ˈvʲɪdʲɪ ˈvʲɪdʲɪ ˈvʲɪdʲɪ ˈvʲɪdʲɪ ˈvʲɪdʲɪ ˈvʲɪdʲɪ ˈvʲɪdʲɪ ˈvʲɪdʲɪ ˈvʲɪdʲɪ ˈvʲɪdʲɪ ˈvʲɪdʲɪ ˈvʲɪdʲɪ ˈvʲɪdʲɪ ˈvʲɪdʲɪ ˈvʲɪdʲɪ ˈvʲɪdʲɪ ˈvʲɪdʲɪ ˈvʲɪdʲɪ ˈvʲɪdʲɪ ˈvʲɪdʲɪ ˈvʲɪdʲɪ ˈvʲɪdʲɪ ˈvʲɪdʲɪ ˈvʲɪdʲɪ ˈvʲɪdʲɪ ˈvʲɪ,,
84,6aa0d1d4-ea88-4510-93c6-8f0d11fcc220,"«Велесова книга» — фальсификация, созданная в XIX или, что более вероятно, XX веке и примитивно имитирующая праславянский язык.Повествует о глубоких «арийских» корнях славян и русского народа.Отражает русоцентризм автора, в частности, в именовании славян «русичами».",ˈvʲelʲɪsəvə ˈkʲɪnʲɪɡə fɐɫˈsʲɪfʲɪkɐˈt͡sʲɪjə sːtːsːkːrːeːnː ɪm ˈxʲɪx ˈvʲɪdʲɪ ˈvʲɪdʲɪ ˈvʲɪdʲɪ ˈvʲɪdʲɪ ˈvʲɪdʲɪ ˈvʲɪdʲɪ ˈvʲɪdʲɪ ˈvʲɪdʲɪ ˈvʲɪdʲɪ ˈvʲɪdʲɪ ˈvʲɪdʲɪ ˈvʲɪdʲɪ ˈvʲɪdʲɪ ˈvʲɪdʲɪ ˈvʲɪdʲɪ ˈvʲɪdʲɪ ˈvʲɪdʲɪ ˈvʲɪdʲɪ ˈvʲɪdʲɪ ˈvʲɪdʲɪ ˈvʲɪdʲɪ ˈvʲɪdʲɪ ˈvʲɪdʲɪ ˈvʲɪdʲɪ ˈvʲɪdʲɪ ˈvʲɪdʲɪ ˈvʲɪdʲɪ ˈvʲɪdʲɪ ˈvʲɪdʲɪ ˈvʲɪdʲɪ ˈvʲɪdʲɪ ˈvʲɪdʲɪ ˈvʲɪdʲɪ ˈvʲɪdʲɪ ˈvʲɪdʲɪ ˈvʲɪdʲɪ ˈvʲɪdʲɪ ˈvʲɪdʲɪ ˈvʲɪdʲɪ ˈvʲɪdʲɪ ˈvʲɪdʲɪ ˈvʲɪ,,
85,9ae6403a-8f69-44a0-9640-6ac9da30c99c,"«Велесова книга» — фальсификация, созданная в XIX или, что более вероятно, XX веке и примитивно имитирующая праславянский язык.Повествует о глубоких «арийских» корнях славян и русского народа.Отражает русоцентризм автора, в частности, в именовании славян «русичами».",ˈvʲelʲɪsəvə ˈkʲɪnʲɪɡə fɐɫˈsʲɪfʲɪkɐˈt͡sʲɪjə sːtːsːkːrːeːnː ɪm ˈxʲɪx ˈvʲɪdʲɪ ˈvʲɪdʲɪ ˈvʲɪdʲɪ ˈvʲɪdʲɪ ˈvʲɪdʲɪ ˈvʲɪdʲɪ ˈvʲɪdʲɪ ˈvʲɪdʲɪ ˈvʲɪdʲɪ ˈvʲɪdʲɪ ˈvʲɪdʲɪ ˈvʲɪdʲɪ ˈvʲɪdʲɪ ˈvʲɪdʲɪ ˈvʲɪdʲɪ ˈvʲɪdʲɪ ˈvʲɪdʲɪ ˈvʲɪdʲɪ ˈvʲɪdʲɪ ˈvʲɪdʲɪ ˈvʲɪdʲɪ ˈvʲɪdʲɪ ˈvʲɪdʲɪ ˈvʲɪdʲɪ ˈvʲɪdʲɪ ˈvʲɪdʲɪ ˈvʲɪdʲɪ ˈvʲɪdʲɪ ˈvʲɪdʲɪ ˈvʲɪdʲɪ ˈvʲɪdʲɪ ˈvʲɪdʲɪ ˈvʲɪdʲɪ ˈvʲɪdʲɪ ˈvʲɪdʲɪ ˈvʲɪdʲɪ ˈvʲɪdʲɪ ˈvʲɪdʲɪ ˈvʲɪdʲɪ ˈvʲɪdʲɪ ˈvʲɪdʲɪ ˈvʲɪ,,
86,0210e7b2-808f-412c-a0ca-e48bc43cbe98,"Словенский язык — индоевропейский язык, принадлежащий к западной ветви южнославянских языков.Словенский язык, наряду с лужицкими, является одним из славянских языков, сохранивших двойственное число.Число говорящих — около 2 млн человек, большинство которых живёт в Словении.","ˈslovɛnskɪj jɪzɪk — ɪnˈdɔːjʊˈrɔːpɪjɪj jɪzɪk, prɪnˈadlɛːʐʊjʊʃtɪj k zɐˈpɐstvɐj vɛtʲɪvʲɪ juʐnɔsлавjанскɪj jɪzɪk.ˈslovɛnskɪj jɪzɪk, nɐˈrɐːdʊ s lʊˈʐɪtskɪj, jɛ sɐˈnɐm ɪn sлавjанскɪj jɪzɪk, sɐˈrɐːnɪvʃtɪj dvɐjstvɛnːɔːtɕɛ ˈčɪslʊ.ˈtʃɪslʊ ˈgɔːvɐrɐʃtɪj — ɐˈpʀɔːxɪmɐtɛ 2 mʲɪlʲɪn ˈčɛlʊbɛr, bɔːlˈʃɪnʲɪstvʊ ˈžɪvʲɛt v sˈlɔːvɛnɪj.",,
87,f44f3c2d-9f8e-4baa-81f8-92ee02a05308,Харон.С открытием в 2005 году двух других спутников — Гидры и Никты — Харон стали также именовать как Плутон I. Назван в честь персонажа древнегреческой мифологии Харона — перевозчика душ мёртвых через реку Стикс.,hɐˈroːn. sət otkrytieem v 2005 godu dvaːx drugix sputnikov — ɡʲiˈdrə i ˈnʲikty — xɐˈroːn stalʲi səzdaːlʲi iːmenovatʲ ˈpluːtən i. nazvan v tɕest ˈpɛrsənədžə drevnʲeɡrʲeːtskaj mifologii xɐˈroːn — pərəvəz tɕiːkə dux mʲertvix tʂerə sʲtʲiːks.,,
88,b5cf1f3d-5468-41a2-97ce-9d684d6461d1,"Спутники Нептуна — естественные спутники планеты Нептун.В настоящее время известно 16 таких спутников.В соответствии с установленной планетной номенклатурой спутники Нептуна получают названия из древнегреческой мифологии и древнеримской мифологии, связанные с Нептуном, Посейдоном или океанами.","ˈspʊtənɪkɪ nʲɪpˈtʊnə —ʲɪ sʲɪˈtrəznə sʲɪˈtrʊtɪkɪ pʲɪˈlʲɛnʲɪtə nʲɪpˈtʊn. vʲɪ nʲɪˈzʲɛstʲɪˈtʲɪ 16 tʲɪˈx sʲɪˈtrʊtɪkɪ. vʲɪ sʲɪˈgɔdərʲɪˈzʲɛnːɪjə pʲɪˈlʲɛnʲɪtʲɪjə nɔmɛnkləˈtʊrə sʲɪˈtrʊtɪkɪ nʲɪpˈtʊnə pəlʲɪˈvajuːtʲɪ nʲɪˈzʲɛdʲɪˈnə gʲɪˈrʲɛskəjə mʲɪfəˈlədʒɪɪ ɪ dʲɪˈzʲɛrʲɪrʲɪmskəjə mʲɪfəˈlədʒɪɪ, sʲɪˈzʲɛdʲɪˈnɛnːɪ sʲɪ nʲɪpˈtʊnəm, pəsʲɪˈjɔdənəm ɪˈlʲuː oˈkʲɛjənəm.",,
89,7a72c41a-70f5-48a0-a723-1be2d0cc9009,"Савитри Деви Мухерджи — греко-французская писательница, апологет глубинной экологии, прав животных, национал-социализма и гитлеризма.Во время Второй мировой войны занималась в Индии шпионажем в пользу Стран Оси.","sɐˈvʲitri deˈvi muˈxərɡʲi — ɡrʲɛkɔ-frɑ̃suzkaja pʲɪsʲɪtlʲɪsʲɪtsə, apɐˈlɔʒɛt ɡlubʲɪnːoj ɛkɔlɔˈɡʲi, prɐv ʐvʲaˈtʲɪl, nɐtsʲɪjəl-sətsʲɪəlʲɪzˈmə i ɡʲɪtlʲɪrˈɡʲism.فواین ڤویتە مورنەولە ۋەرە ۋە ۋەرە ۋەرە ۋەرە ۋەرە ۋەرە ۋەرە ۋەرە ۋەرە ۋەرە ۋەرە ۋەرە ۋەرە ۋەرە ۋەرە ۋەرە ۋەرە ۋەرە ۋەرە ۋەرە ۋەرە ۋەرە ۋەرە ۋەرە ۋەرە ۋەرە ۋەرە ۋەرە ۋەرە ۋەرە ۋەرە ۋەرە ۋەرە ۋەرە ۋەرە ۋەرە ۋەرە ۋەرە ۋەرە ۋەرە ۋەرە ۋەرە ۋەرە ۋەرە ۋەرە ۋەرە ۋەرە ۋەرە ۋەرە ۋەرە ۋە",,
90,c1586bf7-360b-48dd-97e1-840d380f71b7,"Всесоюзный референдум о сохранении СССР — единственный за всю историю существования СССР всесоюзный референдум, состоявшийся 17 марта 1991 года.Центральные республиканские комиссии референдума, которым поручалось провести его организацию, были созданы в 9 из 15 союзных республиках — РСФСР, Белорусской ССР, Украинской ССР, Узбекской ССР, Казахской ССР, Азербайджанской ССР, Киргизской ССР, Таджикской ССР и Туркменской ССР; в некоторых из них власти приняли решение о проведении вместе с общесоюзным республиканских референдумов или об изменении вопроса всесоюзного референдума.",vʲɪ.sʲɪ.lʲɪ.ˈzʲu.ɪn.ɪj rʲɪ.fʲɪ.ˈrʲen.duːm ə sə.ˈpʲa.rʲɪ.nʲɪj sː.sː.ˈsː.ɪr. ˈjɛ.dʲɪn.ɪj ˈza ˈvʲu.ˈtʲu.ɪ.ˈsʲu.ɪ.ˈsʲu.ɪ.ˈsʲu.ɪ.ˈsʲu.ɪ.ˈsʲu.ɪ.ˈsʲu.ɪ.ˈsʲu.ɪ.ˈsʲu.ɪ.ˈsʲu.ɪ.ˈsʲu.ɪ.ˈsʲu.ɪ.ˈsʲu.ɪ.ˈsʲu.ɪ.ˈsʲu.ɪ.ˈsʲu.ɪ.ˈsʲu.ɪ.ˈsʲu.ɪ.ˈsʲu.ɪ.ˈsʲu.ɪ.ˈsʲu.ɪ.ˈsʲu.ɪ.ˈsʲu.ɪ.ˈsʲu.ɪ.ˈsʲu.ɪ.ˈsʲu.ɪ.ˈsʲu.ɪ.ˈsʲu.ɪ.ˈsʲu.ɪ.ˈsʲu.ɪ.ˈsʲu.ɪ.ˈsʲu.ɪ.ˈsʲu.ɪ.ˈsʲu.ɪ.ˈsʲu.ɪ.ˈsʲu.ɪ.ˈsʲu.ɪ.ˈsʲu.ɪ.ˈsʲu.ɪ.ˈsʲu.ɪ.ˈsʲu.ɪ.ˈsʲu.ɪ.ˈsʲu.ɪ.ˈsʲu.ɪ.ˈsʲu.ɪ,,
91,a6a19ac6-0dd0-403d-ace2-1412d798e905,"Александр Сергеевич Пушкин — русский поэт, драматург и прозаик, заложивший основы русского реалистического направления, литературный критик и теоретик литературы, историк, публицист, журналист, редактор и издатель.Один из самых авторитетных литературных деятелей первой трети XIX века.","ɐlʲɪkˈsandr sʲɪrˈɡʲeɪtɕɪv pʊˈʂkʲɪn — ˈruskʲɪj pʲɵɪt, drɐˈmatʊʁ i prɐˈzajɪk, zɐˈloʐɪv ɐˈzajdɪ rʊˈskʲɪj rʲɪɐˈlʲɪstɪtɕɪsʲkʲɪj nɐˈprʲavlenʲɪje, lʲitɐˈrətʊrɪskʲɪj kʲrʲɪˈtʲɪk i tʲɪˈorʲɪtʲɪk lʲitɐˈrətʊrɪ, iˈstorʲɪk, pʊblʲɪˈsʲɪst, ʐʊrˈnalʲɪst, rʲɪˈdʲakʲtər i izˈdʲatəlʲ. ɐˈdʲin ɪz ˈsɐmɨsɨt ɐvˈtərʲɪtʲɪtʲɪvɨsɨt lʲitɐˈrətʊrɪskʲɪj dʲeˈjatʲɪlʲ ˈpʲerʲvəj trʲɛtʲɪ xʲɪxʲ ˈvʲeːtsʲɪ.",,
92,c322d637-c718-479c-b877-3c3c0dec650e,"Кишинёв и двадцать пять сёл, объединённых в тринадцать коммун.Кишинёв впервые упоминается в грамоте 1436 года.Статус города получил в 1818 году после вхождения в состав Российской империи, статус муниципалитета — в 1995 году.","kʲɪˈʃinʲɵf i dvinɐˈt͡sɨt͡sʲ sʲɵl, obʲɪdʲɪˈnʲɵnnɪx v trɪnɐˈd͡zæt kʊmˈmʊn. kʲɪˈʃinʲɵf v pʲɪrˈvʊjə ʊmʲɪˈnʲænʲɪtsə v ɡrɐˈmɔtʲɛ 1436 godɐ. statʊs gɐˈroʊdə pɐˈtɕɪt v 1818 godʊ pɐsʲtʲɪ vɔhˈdʲɛnʲɪja v sɐˈspɔb rossʲɪjskɐjə jɪmˈpɛrʲɪjɪ, statʊs mʊnʲɪsʲɪpɐˈlʲɪtɛtʊ — v 1995 godʊ.",,
93,940381aa-8e52-407d-aeb4-cf60d8725a83,"Ленин может иметь следующие значения: Ленин, Владимир Ильич — российский революционер, советский политический и государственный деятель.Ленин.Ленин, Михаил Францевич — драматический актёр московского Малого театра.",lʲɪnʲɪn mɐˈjɛt ɪmʲɪt ˈsledʊvʃɪe znaˈčɛniə lʲɪnʲɪn vlɐˈdʲimʲɪr ɪlʲˈjit͡ɕ ˈrɐsʲɪjskʲɪj rʲɪvɐˈlʲjʊt͡sʲɪjənər sɐˈvʲɛtskʲɪj pəlʲɪˈtɪtsənəj ɪ gəsʊˈdərəstvənəj dʲɛləˈtɛlʲ. lʲɪnʲɪn. lʲɪnʲɪn mʲɪˈxɑjɪl fʲrɑnˈt͡sevʲɪt͡ɕ ˈdrəmətɪskʲɪj ˈakʲtər mɐˈskəvskəj mɐˈlətə tʲɛˈatər.,,
94,42729493-957e-4466-8f6b-0ca5199507bc,"Механика — раздел физики, наука, изучающая движение материальных тел и взаимодействие между ними; при этом движением в механике называют изменение во времени взаимного положения тел или их частей в пространстве.По поводу предмета механики уместно сослаться на слова профессора механики С. М. Тарга из введения к 4-му изданию его широко известного учебника теоретической механики: «Механикой в широком смысле этого слова называется наука, посвящённая решению любых задач, связанных с изучением движения или равновесия тех или иных материальных тел и происходящих при этом взаимодействий между телами.","mʲɪxənʲɪkə — rʲɪzʲɪlʲɪnʲɪtɕ fʲɪzʲɪkʲɪ, nɐʊs, ɪzʊaɪdʲɪrʲɪʃtʲɪj dʲɪvʲɪzʲɪnʲɪ mʲɪtʲɪrʲɪjəlʲɪx tʲelʲɪ i vzɐɪmədʲɪjstʲɪjə mʲɪdʲɪnʲɪ; pʲrʲɪ tʲɪm dʲɪvʲɪzʲɪnʲɪ v mʲɪxənʲɪkʲɪ nɐzʊvʲɪj tɕɪzʲɪnʲɪj v vʲɪtʲɪmʲɪ xɐɪmʊnʲɪj pələʐʲɪj tʲelʲɪj i lʲɪx tɕəstʲɪrʲɪj v pʲrəstʲrɐnʲstvʲɪ. Pɐ pɐvədə pʲɛdʲɪmʲɪtə mʲɪxənʲɪkʲɪ uːmʲɪstə sɔːslʲɪtsə nɐ wɐːdlə prəfʲɛsərə mʲɪxənʲɪkʲɪ s. m. tɐːrɡə iz vʲɪdʊdʲɪrʲɪja k 4-му izdʲɪjанию jɪx shʲɪrəkə zʲɪvʲɪstvəjʊj tɕʊbʲɪknʲɪkʲɪ tʲɛorʲɪtʲɪjəskəj mʲɪxənʲɪkʲɪ: «m",,
95,eb9fd60f-fd4a-4c28-a4dc-3877a6aba7aa,Механическим движением называют изменение пространственного положения тела или его частей относительно других тел с течением времени.При этом взаимодействие тел приводит к изменению их скоростей или к их деформации.Механическое движение изучает механика.,mʲɪxənʲɪtɕɪskʲɪm dʲɪʐɨvʲɪnʲɪj nɐzывɐjʊt ɪzʲɪnʲɪtɕɪj prɐstʁɐnstvʲɪn̥n̥oɡo pɐləʐɨj tʲɪlə uʲɪ lʲɪ tɕɪ tɕаrtʲɪj rʲɪtɔrətʲɪvə tʲɪlə s tʲɪtɕɪnʲɪm vʲɪtʲɪnʲɪ. Prʲɪ tʲɪm vzɐjmʲɪdʲɪjtsʲɪj tʲɪlə prʲɪvɔdʲɪtʲ k ɪzʲɪnʲɪtɕɪj nʲɪx sʲkɔrʲɪstʲɪj uʲɪ k ɪx dʲɛfɔrʲatsʲɪj. mʲɪxənʲɪtɕɪskʲɪj dʲɪʐɨvʲɪnʲɪj ɪzʲʊdʲɪj tʃɛkənʲɪkə.,,
96,3723a55c-7676-467e-961e-66053b568b25,"Материальная точка — обладающее массой тело, размерами, формой, вращением и внутренней структурой которого можно пренебречь в условиях исследуемой задачи.Является простейшей физической моделью в механике.",mətʲɪrʲɪˈalʲnəjə tɔˈčkə ˈobladʲɪjʊsʲtʲ məˈsə tʲɪlə rəˈzʲɪrəmə fɔˈrəmə vrat͡sʲɪˈrɛnʲɪjə vənˈtərnʲɪjə stʁʊkˈtʊrə kəˈzə prʲɪnʲɪbrʲɪˈt͡ɕu və grədʲɪˈrəstvəx ɪzliˈsʲuvəjʊsʲtʲ təzʲɪkə. jəvʲɪlʲɪˈrʲatsʲə prəstʲɪˈeɪjʃə fʲɪzʲɪˈkəlʲnəjə mədʲɪlʲɪ v mʲɛkəˈnʲikʲɪ.,,
97,21550ab6-ee8e-4ddb-b834-884fa50b3a31,"Абсолютно твёрдое тело — второй опорный объект механики наряду с материальной точкой.Механика абсолютно твёрдого тела полностью сводима к механике материальных точек, представляющее большой теоретический и практический интерес.","ɐb'səlju'tnə t'vʲɜːdə tʲɪlə — vɐɪtɐɪ rɐpɐːrnəj ɐbjɛkt mʲɪxənʲɪkʲɪ na'raɪtʊrʊ s mətʲɪrʲɪəlʲɪ tətɕkə. mʲɪxənʲɪkə ɐb'səlju'tnə t'vʲɜːdə tʲɪlə pʊl'niːzə sʊjdʲɪmə k mʲɪxənʲɪkə mətʲɪrʲɪəlʲɪ tətɕkə, pʲrʲɛzʲɪdʲɪrəjʊtɕtʲɪrəs təgərətʲɪ tʲɪrətʲɪ pʲrəktʲɪrɪskʲɪj ɪn'tɛrɛst.",,
98,75ac6f60-4b81-4fc6-bbb9-344b823c8d64,"Кинематика точки — раздел кинематики, в котором изучается механическое движение материальных точек.Основной задачей кинематики является описание движения при помощи математического аппарата без анализа вызывающих это движение причин; их рассматривает динамика, в частности, динамика точки.","kʲɪnʲɪmɐtʲɪkɐ tɔɪktə — rɐzjɛld kʲɪnʲɪmɐtʲɪkʲɪ, vʲɪmʲɪ zʲɪstʲɪjʊtʲɪrɐ mʲɛxɐnʲɪskʲɪj dʲɪvʲɪzʲɪjə mɐtʲɪrʲɪjʊlʲɪskʲɪj tɔɪktə. ɐzɐʊsʲnɔɪj zɐdɐčʲɪj kʲɪnʲɪmɐtʲɪkʲɪ jɛlʲɪzʲɪtʲɪsʲkʲɪj dʲɪvʲɪzʲɪjə pʲɪrʲɪzhʲɪ mɐtʲɪmɐtʲɪskʲɪj ɐpɐrɐt bʲɪz ɐnɐlʲɪzɐ vʲɪzʲɪrvɐjʊʃʲɪj ɛtə dʲɪvʲɪzʲɪjə tɕɛzʲɪn; jɪx kənsɪdʲɪrʲɪrʊt dʲɪnɐmʲɪkə, vʲɪtʲɪkʊlʲarʲɪjə dʲɪnɐmʲɪkə tɔɪktə.",,
99,c4fdcbe1-c99f-40ed-967d-1b951da0d3c0,"Динамика — раздел механики, в котором изучаются причины изменения механического движения, тогда как способы описать движение изучает кинематика.В классической механике этими причинами являются силы.Динамика оперирует также такими понятиями, как масса, импульс, момент импульса, энергия.","dʲɪnɐˈmʲɪkə — rɐˈzʲelʲ mʲɪhɐˈnʲɪkʲɪ, vʲɪ kərɐˈzʲuːˈstʲuː rʲɪˈzʲuːnʲɪ kə rɐˈzʲuːnʲɪ mʲɪhɐˈnʲɪsʲkʲɪj məˈdʲɪvʲɪnʲɪ, tɐlʲdɐ kʲɪnʲɪmɐˈtʲɪkə. V klɐˈsʲɪkɐlʲ mʲɪhɐˈnʲɪkʲɪ ɛtʲɪmʲɪ rɐˈzʲuːnʲɪ jɪˈsʲuː lʲɪ. Dʲɪnɐˈmʲɪkə ɐpʲɪˈrʲeːrɐ tɐkɐˈzʲuː pɐnʲɪˈjɛtʲɪ, kɐ mɐsɐ, ɪmˈpʊlʲs, mɐˈvʲɛnʲɪt ɪmˈpʊlʲs, ɛnʲɪˈrʲɛ.",,
